month,dropped,tickers
2010-01-31,29,AVB CAM COL CPWR CSC DV EA EMC EP FOXA GENZ GR HAR KG MHS MI NSM NYX PCL PCS POM S SE SHLD SII SLE SPLS STI SUN
2010-02-28,29,AVB CAM COL CPWR CSC DV EA EMC EP FOXA GENZ GR HAR KG MHS MI NSM NYX PCL PCS POM S SE SHLD SII SLE SPLS STI SUN
2010-03-31,29,AVB CAM COL CPWR CSC DV EA EMC EP FOXA GENZ GR HAR KG MHS MI NSM NYX PCL PCS POM S SE SHLD SII SLE SPLS STI SUN
2010-04-30,29,AVB CAM COL CPWR CSC DV EA EMC EP FOXA GENZ GR HAR KG MHS MI NSM NYX PCL PCS POM S SE SHLD SII SLE SPLS STI SUN
2010-05-31,29,AVB CAM COL CPWR CSC DV EA EMC EP FOXA GENZ GR HAR KG MHS MI NSM NYX PCL PCS POM S SE SHLD SII SLE SPLS STI SUN
2010-06-30,29,AVB CAM COL CPWR CSC DV EA EMC EP FOXA GENZ GR HAR KG MHS MI NSM NYX PCL PCS POM S SE SHLD SII SLE SPLS STI SUN
2010-07-31,29,AVB CAM COL CPWR CSC DV EA EMC EP FOXA GENZ GR HAR KG MHS MI NSM NYX PCL PCS POM S SE SHLD SII SLE SPLS STI SUN
2010-08-31,28,AVB CAM COL CPWR CSC DV EA EMC EP FOXA GENZ GR HAR KG MHS MI NSM NYX PCL PCS POM S SE SHLD SLE SPLS STI SUN
2010-09-30,28,AVB CAM COL CPWR CSC DV EA EMC EP FOXA GENZ GR HAR KG MHS MI NSM NYX PCL PCS POM S SE SHLD SLE SPLS STI SUN
2010-10-31,28,AVB CAM COL CPWR CSC DV EA EMC EP FOXA GENZ GR HAR KG MHS MI NSM NYX PCL PCS POM S SE SHLD SLE SPLS STI SUN
2010-11-30,28,AVB CAM COL CPWR CSC DV EA EMC EP FOXA GENZ GR HAR KG MHS MI NSM NYX PCL PCS POM S SE SHLD SLE SPLS STI SUN
2010-12-31,29,AVB CAM COL CPWR CSC DV EA EMC EP EXC FOXA GENZ GR HAR MHS MI NFX NSM NYX PCL PCS POM S SE SHLD SLE SPLS STI SUN
2011-01-31,30,AVB CAM COL CPWR CSC DV EA EMC EP EXC FOXA GENZ GR HAR MHS MI MMI NFX NSM NYX PCL PCS POM S SE SHLD SLE SPLS STI SUN
2011-02-28,30,AVB CAM COL CPWR CSC DV EA EMC EP EXC FOXA GENZ GR HAR MHS MI MMI NFX NSM NYX PCL PCS POM S SE SHLD SLE SPLS STI SUN
2011-03-31,30,AVB CAM COL CPWR CSC DV EA EMC EP EXC FOXA GENZ GR HAR MHS MI MMI NFX NSM NYX PCL PCS POM S SE SHLD SLE SPLS STI SUN
2011-04-30,29,AVB CAM COL CPWR CSC DV EA EMC EP EXC FOXA GR HAR MHS MI MMI NFX NSM NYX PCL PCS POM S SE SHLD SLE SPLS STI SUN
2011-05-31,29,AVB CAM COL CPWR CSC DV EA EMC EP EXC FOXA GR HAR MHS MI MMI NFX NSM NYX PCL PCS POM S SE SHLD SLE SPLS STI SUN
2011-06-30,30,AVB CAM COL CPWR CSC DV EA EMC EP EXC FOXA GR HAR MHS MI MMI NFX NSM NYX PCL PCS PLD POM S SE SHLD SLE SPLS STI SUN
2011-07-31,29,AVB CAM COL CPWR CSC DV EA EMC EP EXC FOXA GR HAR MHS MMI NFX NSM NYX PCL PCS PLD POM S SE SHLD SLE SPLS STI SUN
2011-08-31,29,AVB CAM COL CPWR CSC DV EA EMC EP EXC FOXA GR HAR MHS MMI NFX NSM NYX PCL PCS PLD POM S SE SHLD SLE SPLS STI SUN
2011-09-30,28,AVB CAM COL CPWR CSC DV EA EMC EP EXC FOXA GR HAR MHS MMI NFX NYX PCL PCS PLD POM S SE SHLD SLE SPLS STI SUN
2011-10-31,28,AVB CAM COL CPWR CSC DV EA EMC EP EXC FOXA GR HAR MHS MMI NFX NYX PCL PCS PLD POM S SE SHLD SLE SPLS STI SUN
2011-11-30,28,AVB CAM COL CPWR CSC DV EA EMC EP EXC FOXA GR HAR MHS MMI NFX NYX PCL PCS PLD POM S SE SHLD SLE SPLS STI SUN
2011-12-31,27,AVB CAM COL CSC DV EA EMC EP EXC FOXA GR HAR MHS MMI NFX NYX PCL PCS PLD POM S SE SHLD SLE SPLS STI SUN
2012-01-31,27,AVB CAM COL CSC DV EA EMC EP EXC FOXA GR HAR MHS MMI NFX NYX PCL PCS PLD POM S SE SHLD SLE SPLS STI SUN
2012-02-29,27,AVB CAM COL CSC DV EA EMC EP EXC FOXA GR HAR MHS MMI NFX NYX PCL PCS PLD POM S SE SHLD SLE SPLS STI SUN
2012-03-31,27,AVB CAM COL CSC DV EA EMC EP EXC FOXA GR HAR MHS MMI NFX NYX PCL PCS PLD POM S SE SHLD SLE SPLS STI SUN
2012-04-30,26,AVB CAM COL CSC DV EA EMC EP EXC FOXA GR HAR MMI NFX NYX PCL PCS PLD POM S SE SHLD SLE SPLS STI SUN
2012-05-31,24,AVB CAM COL CSC DV EA EMC EXC FOXA GR HAR NFX NYX PCL PCS PLD POM S SE SHLD SLE SPLS STI SUN
2012-06-30,23,AVB CAM COL CSC DV EA EMC EXC FOXA GR HAR NFX NYX PCL PCS PLD POM S SE SHLD SPLS STI SUN
2012-07-31,21,AVB CAM COL CSC DV EA EMC EXC FOXA HAR NFX NYX PCL PCS POM S SE SHLD SPLS STI SUN
2012-08-31,21,AVB CAM COL CSC DV EA EMC EXC FOXA HAR NFX NYX PCL PCS POM S SE SHLD SPLS STI SUN
2012-09-30,20,AVB CAM COL CSC DV EA EMC EXC FOXA HAR NFX NYX PCL PCS POM S SE SPLS STI SUN
2012-10-31,18,AVB CAM COL CSC EA EMC EXC FOXA HAR NFX NYX PCL PCS POM S SE SPLS STI
2012-11-30,18,AVB CAM COL CSC EA EMC EXC FOXA HAR NFX NYX PCL PCS POM S SE SPLS STI
2012-12-31,18,AVB CAM COL CSC EA EMC EXC FOXA HAR NFX NYX PCL PCS POM S SE SPLS STI
2013-01-31,18,AVB CAM COL CSC EA EMC EXC FOXA HAR NFX NYX PCL PCS POM S SE SPLS STI
2013-02-28,18,AVB CAM COL CSC EA EMC EXC FOXA HAR NFX NYX PCL PCS POM S SE SPLS STI
2013-03-31,18,AVB CAM COL CSC EA EMC EXC FOXA HAR NFX NYX PCL PCS POM S SE SPLS STI
2013-04-30,17,AVB CAM COL CSC EA EMC EXC FOXA HAR NFX NYX PCL POM S SE SPLS STI
2013-05-31,17,AVB CAM COL CSC EA EMC EXC FOXA HAR NFX NYX PCL POM S SE SPLS STI
2013-06-30,17,AVB CAM COL CSC EA EMC EXC FOXA HAR NFX NYX PCL POM S SE SPLS STI
2013-07-31,16,AVB CAM COL CSC EA EMC EXC FOXA HAR NFX NYX PCL POM SE SPLS STI
2013-08-31,16,AVB CAM COL CSC EA EMC EXC FOXA HAR NFX NYX PCL POM SE SPLS STI
2013-09-30,16,AVB CAM COL CSC EA EMC EXC FOXA HAR NFX NYX PCL POM SE SPLS STI
2013-10-31,16,AVB CAM COL CSC EA EMC EXC FOXA HAR NFX NYX PCL POM SE SPLS STI
2013-11-30,15,AVB CAM COL CSC EA EMC EXC FOXA HAR NFX PCL POM SE SPLS STI
2013-12-31,15,AVB CAM COL CSC EA EMC EXC FOXA HAR NFX PCL POM SE SPLS STI
2014-01-31,15,AVB CAM COL CSC EA EMC EXC FOXA HAR NFX PCL POM SE SPLS STI
2014-02-28,15,AVB CAM COL CSC EA EMC EXC FOXA HAR NFX PCL POM SE SPLS STI
2014-03-31,15,AVB CAM COL CSC EA EMC EXC FOXA HAR NFX PCL POM SE SPLS STI
2014-04-30,15,AVB CAM COL CSC EA EMC EXC FOXA HAR NFX PCL POM SE SPLS STI
2014-05-31,15,AVB CAM COL CSC EA EMC EXC FOXA HAR NFX PCL POM SE SPLS STI
2014-06-30,15,AVB CAM COL CSC EA EMC EXC FOXA HAR NFX PCL POM SE SPLS STI
2014-07-31,15,AVB CAM COL CSC EA EMC EXC FOXA HAR NFX PCL POM SE SPLS STI
2014-08-31,15,AVB CAM COL CSC EA EMC EXC FOXA HAR NFX PCL POM SE SPLS STI
2014-09-30,15,AVB CAM COL CSC EA EMC EXC FOXA HAR NFX PCL POM SE SPLS STI
2014-10-31,15,AVB CAM COL CSC EA EMC EXC FOXA HAR NFX PCL POM SE SPLS STI
2014-11-30,15,AVB CAM COL CSC EA EMC EXC FOXA HAR NFX PCL POM SE SPLS STI
2014-12-31,15,AVB CAM COL CSC EA EMC EXC FOXA HAR NFX PCL POM SE SPLS STI
2015-01-31,14,AVB CAM COL CSC EA EMC FOXA HAR NFX PCL POM SE SPLS STI
2015-02-28,14,AVB CAM COL CSC EA EMC FOXA HAR NFX PCL POM SE SPLS STI
2015-03-31,14,AVB CAM COL CSC EA EMC FOXA HAR NFX PCL POM SE SPLS STI
2015-04-30,14,AVB CAM COL CSC EA EMC FOXA HAR NFX PCL POM SE SPLS STI
2015-05-31,14,AVB CAM COL CSC EA EMC FOXA HAR NFX PCL POM SE SPLS STI
2015-06-30,14,AVB CAM COL CSC EA EMC FOXA HAR NFX PCL POM SE SPLS STI
2015-07-31,14,AVB CAM COL CSC EA EMC FOXA HAR NFX PCL POM SE SPLS STI
2015-08-31,14,AVB CAM COL CSC EA EMC FOXA HAR NFX PCL POM SE SPLS STI
2015-09-30,15,AVB CAM COL CSC EA EMC FOX FOXA HAR NFX PCL POM SE SPLS STI
2015-10-31,15,AVB CAM COL CSC EA EMC FOX FOXA HAR NFX PCL POM SE SPLS STI
2015-11-30,15,AVB CAM COL CSC EA EMC FOX FOXA HAR NFX PCL POM SE SPLS STI
2015-12-31,15,AVB CAM COL CSRA EA EMC FOX FOXA HAR NFX PCL POM SE SPLS STI
2016-01-31,15,AVB CAM COL CSRA EA EMC FOX FOXA HAR NFX PCL POM SE SPLS STI
2016-02-29,14,AVB CAM COL CSRA EA EMC FOX FOXA HAR NFX POM SE SPLS STI
2016-03-31,13,AVB CAM COL CSRA EA EMC FOX FOXA HAR NFX SE SPLS STI
2016-04-30,12,AVB COL CSRA EA EMC FOX FOXA HAR NFX SE SPLS STI
2016-05-31,12,AVB COL CSRA EA EMC FOX FOXA HAR NFX SE SPLS STI
2016-06-30,12,AVB COL CSRA EA EMC FOX FOXA HAR NFX SE SPLS STI
2016-07-31,12,AVB COL CSRA EA EMC FOX FOXA HAR NFX SE SPLS STI
2016-08-31,12,AVB COL CSRA EA EMC FOX FOXA HAR NFX SE SPLS STI
2016-09-30,11,AVB COL CSRA EA FOX FOXA HAR NFX SE SPLS STI
2016-10-31,11,AVB COL CSRA EA FOX FOXA HAR NFX SE SPLS STI
2016-11-30,11,AVB COL CSRA EA FOX FOXA HAR NFX SE SPLS STI
2016-12-31,11,AVB COL CSRA EA FOX FOXA HAR NFX SE SPLS STI
2017-01-31,11,AVB COL CSRA EA FOX FOXA HAR NFX SE SPLS STI
2017-02-28,10,AVB COL CSRA EA FOX FOXA HAR NFX SPLS STI
2017-03-31,9,AVB COL CSRA EA FOX FOXA NFX SPLS STI
2017-04-30,9,AVB COL CSRA EA FOX FOXA NFX SPLS STI
2017-05-31,9,AVB COL CSRA EA FOX FOXA NFX SPLS STI
2017-06-30,10,AVB COL CSRA EA FOX FOXA INFO NFX SPLS STI
2017-07-31,10,AVB COL CSRA EA FOX FOXA INFO NFX SPLS STI
2017-08-31,10,AVB COL CSRA EA FOX FOXA INFO NFX SPLS STI
2017-09-30,9,AVB COL CSRA EA FOX FOXA INFO NFX STI
2017-10-31,9,AVB COL CSRA EA FOX FOXA INFO NFX STI
2017-11-30,9,AVB COL CSRA EA FOX FOXA INFO NFX STI
2017-12-31,9,AVB COL CSRA EA FOX FOXA INFO NFX STI
2018-01-31,9,AVB COL CSRA EA FOX FOXA INFO NFX STI
2018-02-28,9,AVB COL CSRA EA FOX FOXA INFO NFX STI
2018-03-31,9,AVB COL CSRA EA FOX FOXA INFO NFX STI
2018-04-30,8,AVB COL EA FOX FOXA INFO NFX STI
2018-05-31,8,AVB COL EA FOX FOXA INFO NFX STI
2018-06-30,8,AVB COL EA FOX FOXA INFO NFX STI
2018-07-31,8,AVB COL EA FOX FOXA INFO NFX STI
2018-08-31,8,AVB COL EA FOX FOXA INFO NFX STI
2018-09-30,8,AVB COL EA FOX FOXA INFO NFX STI
2018-10-31,8,AVB COL EA FOX FOXA INFO NFX STI
2018-11-30,8,AVB COL EA FOX FOXA INFO NFX STI
2018-12-31,7,AVB EA FOX FOXA INFO NFX STI
2019-01-31,7,AVB EA FOX FOXA INFO NFX STI
2019-02-28,6,AVB EA FOX FOXA INFO STI
2019-03-31,4,AVB EA INFO STI
2019-04-30,4,AVB EA INFO STI
2019-05-31,4,AVB EA INFO STI
2019-06-30,4,AVB EA INFO STI
2019-07-31,4,AVB EA INFO STI
2019-08-31,4,AVB EA INFO STI
2019-09-30,4,AVB EA INFO STI
2019-10-31,4,AVB EA INFO STI
2019-11-30,4,AVB EA INFO STI
2019-12-31,3,AVB EA INFO
2020-01-31,3,AVB EA INFO
2020-02-29,3,AVB EA INFO
2020-03-31,3,AVB EA INFO
2020-04-30,3,AVB EA INFO
2020-05-31,3,AVB EA INFO
2020-06-30,3,AVB EA INFO
2020-07-31,3,AVB EA INFO
2020-08-31,3,AVB EA INFO
2020-09-30,3,AVB EA INFO
2020-10-31,3,AVB EA INFO
2020-11-30,3,AVB EA INFO
2020-12-31,3,AVB EA INFO
2021-01-31,3,AVB EA INFO
2021-02-28,3,AVB EA INFO
2021-03-31,3,AVB EA INFO
2021-04-30,3,AVB EA INFO
2021-05-31,3,AVB EA INFO
2021-06-30,3,AVB EA INFO
2021-07-31,3,AVB EA INFO
2021-08-31,3,AVB EA INFO
2021-09-30,3,AVB EA INFO
2021-10-31,3,AVB EA INFO
2021-11-30,3,AVB EA INFO
2021-12-31,3,AVB EA INFO
2022-01-31,3,AVB EA INFO
2022-02-28,3,AVB EA INFO
2022-03-31,2,AVB EA
2022-04-30,2,AVB EA
2022-05-31,2,AVB EA
2022-06-30,2,AVB EA
2022-07-31,2,AVB EA
2022-08-31,2,AVB EA
2022-09-30,2,AVB EA
2022-10-31,2,AVB EA
2022-11-30,2,AVB EA
2022-12-31,2,AVB EA
2023-01-31,2,AVB EA
2023-02-28,2,AVB EA
2023-03-31,2,AVB EA
2023-04-30,2,AVB EA
2023-05-31,2,AVB EA
2023-06-30,2,AVB EA
2023-07-31,2,AVB EA
2023-08-31,2,AVB EA
2023-09-30,2,AVB EA
2023-10-31,2,AVB EA
2023-11-30,2,AVB EA
2023-12-31,2,AVB EA
2024-01-31,2,AVB EA
2024-02-29,2,AVB EA
2024-03-31,2,AVB EA
2024-04-30,2,AVB EA
2024-05-31,2,AVB EA
2024-06-30,2,AVB EA
2024-07-31,2,AVB EA
2024-08-31,2,AVB EA
2024-09-30,2,AVB EA
2024-10-31,2,AVB EA
2024-11-30,2,AVB EA
2024-12-31,2,AVB EA
2025-01-31,2,AVB EA
2025-02-28,2,AVB EA
2025-03-31,2,AVB EA
2025-04-30,2,AVB EA
2025-05-31,2,AVB EA
2025-06-30,2,AVB EA
2025-07-31,2,AVB EA
2025-08-31,2,AVB EA
2025-09-30,2,AVB EA
2025-10-31,2,AVB EA
2025-11-30,2,AVB EA
2025-12-31,2,AVB EA
2026-01-31,2,AVB EA
2026-02-28,2,AVB EA
2026-03-31,2,AVB EA
2026-04-30,2,AVB EA
2026-05-31,2,AVB EA
2026-06-30,2,AVB EA
2026-07-31,2,AVB EA
