ticker,sector,months,mean_gap,crossings,replica_op,naive_op,operating_income_fallback,log_pretax_over_ni_plus_tax,interest_over_ni_plus_tax,log_equity_fy_over_equity,driver
AIV,Real Estate,36,0.767181443812858,35,0.0337348326592293,0.4155399984524348,0.0,1.8391766970574246,1.1544676644052774,0.037029729525876014,pretax_income
THC,Health Care,36,0.49917465270398786,13,0.22580645161290322,0.5861767279090113,0.0,0.16211884947643512,2.804733727810651,0.09697583105392057,interest add-back
FTR,Communication Services,36,0.36845293737377227,0,0.04468327848522437,0.21916931460640238,0.0,0.016375982830064705,4.169231057553552,0.03315814877368848,interest add-back
HCBK,Financials,34,0.35830337795542416,0,0.06436691789441013,0.2222279621876381,0.0,0.0,2.4525183037688567,0.008313094280776812,interest add-back
SWY,Consumer Staples,24,0.34655036248888077,11,0.34257596311948113,0.39711055705454423,1.0,,0.331565475343005,0.04285028374861542,pretax_income (missing; operating income used)
WIN,Communication Services,27,0.315256913015883,2,0.24339246922519914,1.1592477981432991,0.0,0.002606592427240802,2.330723340790455,0.1506457604463464,interest add-back
IRM,Real Estate,36,0.3070999321868154,0,0.2594552384364475,0.4628864553975709,0.16666666666666666,0.02945085340851605,1.1263484410574112,0.07259951553959125,interest add-back
TYC,Industrials,36,0.30601837671756804,12,0.13191306219066065,0.20604725670804966,0.0,1.111041521900801,0.15128593040847202,0.058443408391109175,pretax_income
AES,Utilities,36,0.29819808387205393,11,0.2420323325635104,0.44780600461893766,0.0,0.8299554739867828,3.2428884026258205,0.030009233330190288,interest add-back
SEE,Materials,36,0.28132467688018237,11,0.12792455546756892,0.4097617162191347,0.0,0.11286725332157983,1.0767215568862276,0.020643817678606558,interest add-back
LVLT,Communication Services,14,0.2794890547073022,3,0.0374037403740374,0.14018544711614017,0.0,0.0,2.7478991596638656,0.06347713770164912,interest add-back
AMT,Real Estate,36,0.27661454978834127,7,0.19627041049217472,0.3208003356188364,0.0,0.059902502281241894,0.6538474107379298,0.03261665147041863,interest add-back
SLM,Financials,16,0.2645586204103811,0,0.28320158102766796,0.7899209486166008,0.0,0.00209132177999761,1.783426183844011,0.017241806434506103,interest add-back
MAS,Industrials,36,0.2315818494689552,12,0.6222943722943723,0.8095238095238095,0.0,0.12500954491975896,0.6135770234986945,0.1836211021360402,interest add-back
MSI,Information Technology,36,0.22938246320766298,0,0.31292702924296256,0.31128723694998633,0.0,0.00525395254115795,0.0,0.13060747092969294,equity
CMS,Utilities,36,0.21750508167832122,0,0.1986376021798365,0.31809643080776456,0.0,0.002747254475138702,0.5598349381017882,0.04299117341412652,interest add-back
TGT,Consumer Staples,36,0.2122008152023988,0,0.26098449667785956,0.26055079785595464,0.0,0.0,0.3628746374476313,0.012368514276219437,interest add-back
OI,Materials,36,0.21079595850330624,0,0.23008241758241757,0.37293956043956045,0.0,0.11625980611586202,0.8493150684931506,0.16013242913219497,interest add-back
WY,Real Estate,36,0.19875796626839173,0,0.10786240786240786,0.19361179361179362,0.0,0.0022753138371355394,0.7909090909090909,0.04278034060885447,interest add-back
HAS,Consumer Discretionary,36,0.19469054499844782,0,0.3007883219813995,0.24032509408715394,0.0,0.004840226852984459,0.2010158755364996,0.027751524850918544,interest add-back
AMG,Financials,18,0.18936765180257148,0,0.3858012942519985,0.2880091358964598,0.0,0.39907216772190235,0.1126470588235294,0.02669499668632024,pretax_income
EQIX,Real Estate,10,0.18920275092574468,0,0.037325158768370635,0.15702397791140688,0.0,0.013818380386716057,3.1491875407393612,0.048929174619878134,interest add-back
SPGI,Industrials,36,0.18348135253352701,11,1.0345887778631822,1.2020860495436767,0.0,0.30114966831344914,0.09631391200951249,0.1692983568076105,pretax_income
NLSN,Industrials,30,0.18200588567351123,0,0.09076627683714435,0.1819620253164557,0.0,0.012180418556871072,0.4838709677419355,0.05864872708150769,interest add-back
EIX,Utilities,36,0.18165101083222499,0,0.190417501155446,0.14549653579676675,1.0,,0.4701815038893691,0.022180912010446894,pretax_income (missing; operating income used)
VZ,Communication Services,36,0.16937207618563646,0,0.30683533160057014,0.20849752662027332,0.0,0.5303243043632017,0.37985933997990573,0.06043269814663064,pretax_income
CSC,Information Technology,35,0.1659519598422738,0,0.15311004784688995,0.2836698185535395,0.0,0.1479201300766222,0.1976241900647948,0.029778875355611356,interest add-back
PPL,Utilities,36,0.16539764832774392,0,0.1734663927208688,0.25990607572644553,0.0,0.005297387779330013,0.46402704007725737,0.035027625949426086,interest add-back
NI,Utilities,36,0.16515419458978153,0,0.12788366799171,0.20534773893249075,0.0,0.008746179630222319,0.5278438838648263,0.024023663364840867,interest add-back
F,Consumer Discretionary,36,0.16217046940066376,0,0.2653602698707501,0.4054504794754198,0.0,0.0002302820965847528,0.526398401826484,0.014786100568713847,interest add-back
LHX,Industrials,36,0.16215344832016695,0,0.43421527670328536,0.2720809581758791,0.0,0.7443929603565479,0.3455812480202724,0.01895376757557067,pretax_income
POM,Utilities,28,0.16155770080365675,0,0.15069725596041386,0.13000449842555106,0.6071428571428571,0.0,0.8466453674121406,0.004624285697113903,pretax_income (missing; operating income used)
C,Financials,36,0.15300622350359466,0,0.06822650973239477,0.14865458161640632,0.0,0.013104143228341983,0.965648585737462,0.03476136005676231,interest add-back
R,Consumer Discretionary,36,0.1506592919733275,0,0.19449163131605504,0.26397601325239334,0.0,0.014757513319829881,0.4220070396388101,0.03534897365793557,interest add-back
PFE,Health Care,36,0.14595217211516742,0,0.171666596541423,0.21082943637706128,0.0,0.3493968672464557,0.0,0.02038425424631208,pretax_income
COP,Energy,6,0.14403725684561902,0,0.4793173151061746,0.34113405714047557,0.0,0.3400873018618235,0.0,0.008430822743407434,pretax_income
VTRS,Health Care,26,0.14192177427103347,0,0.24604720025457627,0.34466119802633965,0.0,0.001297574812624051,0.4192683383734311,0.12460814244323323,interest add-back
PPG,Materials,36,0.1418791900285843,0,0.3019059205190592,0.4918918918918919,0.0,0.5112492628318478,0.07920372723422278,0.16828062699995916,pretax_income
VMRK,Real Estate,36,0.13968704341195395,0,0.04281426697776747,0.11553904057621231,0.0,0.9927370988508054,0.0,0.012340275025568273,pretax_income
SCG,Utilities,36,0.13822898530170072,0,0.14879931389365353,0.21593644679826673,0.0,0.0,0.42795389048991356,0.06234409525677682,interest add-back
KMI,Energy,36,0.13415028769331083,0,0.09070900340415541,0.0780530312461098,0.0,0.6132786910826957,0.3673735896364396,0.039064269944299033,pretax_income
CNX,Energy,36,0.13323197174859502,0,0.03436071735624899,0.1690775342773859,0.0,0.03154790266997344,0.4421796729164448,0.00828782691217464,interest add-back
DGX,Health Care,36,0.13310541531102466,0,0.28844185520845667,0.23002815005451535,1.0,,0.0,0.013576987581411426,pretax_income (missing; operating income used)
AEP,Utilities,36,0.12912480840292742,0,0.13117811625738265,0.19086105066832454,0.0,0.02527041349625994,0.41866913123844735,0.027545957238579097,interest add-back
GS,Financials,36,0.12814371368424562,0,0.14924453784557412,0.21636049615324227,0.0,0.0,0.44970462086266894,0.027752430203410294,interest add-back
WMB,Energy,36,0.1261210275747121,0,0.27125420875420875,0.25652356902356904,0.0,0.0636460623545514,0.0,0.04637524396398255,none of the three (rank gap under noise)
FMC,Materials,36,0.12470868864958387,0,0.43360968548493223,0.3190551388340571,1.0,,0.09581920903954802,0.07184006673478054,pretax_income (missing; operating income used)
XEL,Utilities,36,0.12361681870170875,0,0.15126768053436287,0.20984941380626074,0.0,0.0,0.4016163830723148,0.031178191079172638,interest add-back
DRI,Consumer Discretionary,36,0.12277269155342083,0,0.16730165516898737,0.25331391114348145,0.0,0.23262610649988702,0.0,0.012543632976625,pretax_income
AVP,Consumer Staples,26,0.11909786924849532,0,0.17960726316654343,0.26176978062607836,0.0,0.021328963855582056,0.589456362306895,0.0864513348598248,interest add-back
JCI,Industrials,36,0.11641765708173127,0,0.1799133586773937,0.15003094332950226,0.0,0.08324489419415283,0.0,0.04410220423623469,none of the three (rank gap under noise)
NAVI,Financials,11,0.11272742770489613,0,0.43758932825154834,0.9290138161029061,0.0,0.0,1.1230266739248775,0.026797016816300975,interest add-back
DVA,Health Care,36,0.11137398413409375,0,0.2538033457124106,0.22886944303627835,0.0,0.11127204625670965,0.0,0.039268407817388974,pretax_income
BMY,Health Care,36,0.11133976958903337,0,0.17176833296630697,0.15863183409641798,0.0,0.010555301715385528,0.0,0.015168511068824928,none of the three (rank gap under noise)
KIM,Real Estate,36,0.1098621968579624,0,0.007483566354237971,0.1046347943201141,0.0,2.055596007981837,0.7899195350091026,0.006883593993221183,pretax_income
ETR,Utilities,36,0.10892270137705289,0,0.09930510006471863,0.16007531197099475,0.0,0.01971098994456793,0.6440430202914436,0.013730156305115263,interest add-back
PLL,Industrials,31,0.10594922758397686,0,0.2381688515672773,0.2683858321164741,0.0,0.09944186024638664,0.0,0.12059498078437637,equity
AMD,Information Technology,8,0.09868421052631579,1,-2.2620817843866172,-1.936802973977695,0.0,0.0,0.1437962202136401,0.25958003993108614,equity
SE,Energy,36,0.09842644373514192,0,0.185778196373911,0.24888156345655757,0.0,0.07977869521061473,0.46379781420765026,0.010368260067509984,interest add-back
DTE,Utilities,36,0.09680284769972847,0,0.130204801302048,0.18120168181201682,0.0,0.007621158281072566,0.47650273224043715,0.02746888580715634,interest add-back
WEC,Utilities,36,0.09525387955767865,0,0.21494671584044167,0.2695884336040908,0.0,0.0,0.275428821151535,0.0,interest add-back
JBL,Information Technology,22,0.09501427311476149,0,0.16531758195031274,0.2177535352185834,0.0,0.003596554187822622,0.3124543495373656,0.023523357183689038,interest add-back
LUMN,Communication Services,36,0.0943294186961443,0,0.06480377417180777,0.13318471667789933,0.0,0.0,1.181081081081081,0.02945163897621048,interest add-back
NUE,Materials,36,0.09286224426444893,0,0.11161840935587722,0.10003610514120723,0.0,0.10955482249228178,0.0,0.008188240257455105,pretax_income
LEG,Consumer Discretionary,36,0.09276345261557017,0,0.21219937260369467,0.2134694170919284,0.0,0.017996886451970045,0.17717003567181927,0.020843922508263293,interest add-back
DD,Materials,36,0.09188546358073305,0,0.3087827121332276,0.3380253766851705,0.0,0.090483139056009,0.0,0.039665256392431354,none of the three (rank gap under noise)
GE,Industrials,36,0.09063748473927062,0,0.13443456955812702,0.13123242241477412,0.0,0.07520457015708333,0.0,0.0076283073701548885,none of the three (rank gap under noise)
LSI,Information Technology,16,0.09046030516487344,1,0.1511420943340255,0.1511420943340255,0.0,0.0,0.0,0.006125009255298738,none of the three (rank gap under noise)
TE,Utilities,28,0.08625683372784929,0,0.13411271216064008,0.2028966876633672,0.21428571428571427,0.12445685463044275,0.5443574690150033,0.004881838443996144,interest add-back
FLR,Industrials,36,0.08613438988070454,0,0.31344239413125463,0.3205989267463529,0.0,0.17010400982352805,0.029670378004674328,0.01779330686278701,pretax_income
PNR,Industrials,36,0.0852857365048026,0,0.11917378964119896,0.09959689523564476,0.0,0.013894810379760012,0.18434472208057115,0.027807046155033554,interest add-back
MRO,Energy,36,0.08453117132775313,0,0.25485938792390406,0.2631306865177833,0.3888888888888889,0.031938842507832584,0.0,0.026728103372667185,none of the three (rank gap under noise)
EMC,Information Technology,36,0.08345695451263246,0,0.17181220314212642,0.1703050785531604,0.0,0.049029427240318606,0.04103852596314908,0.008554819867606445,none of the three (rank gap under noise)
QEP,Energy,30,0.08254178484610544,0,0.06077770973668096,0.13104898418527514,0.0,0.042081945434313414,0.5848853868194842,0.012834408223091395,interest add-back
IP,Materials,36,0.08244268504433325,0,0.16243654822335024,0.13255131964809383,0.0,0.09406650903906737,0.0,0.06196740456202211,none of the three (rank gap under noise)
MCK,Health Care,36,0.07965656659342969,0,0.2714285714285714,0.2714285714285714,0.0,0.044386705700263256,0.0,0.06386356916559179,none of the three (rank gap under noise)
NFX,Energy,36,0.07860569762240727,0,0.05751014884979702,0.14005412719891747,0.0,0.2065358149145492,0.2074898785425101,0.05506740740906334,interest add-back
V,Industrials,36,0.07720266906873534,0,0.269408262002233,0.27007815407517677,0.9166666666666666,0.9401770041562915,0.0,0.015693112606321093,pretax_income (missing; operating income used)
TSN,Consumer Staples,36,0.07679187760357954,0,0.15419161676646706,0.15535595475715236,0.0,0.007522872662987412,0.0,0.025871647837524072,none of the three (rank gap under noise)
ZBH,Health Care,36,0.07658089272232628,0,0.1557969288425198,0.15608276562971432,0.0,0.001832994403238503,0.0,0.024005671248022446,none of the three (rank gap under noise)
ANDV,Energy,36,0.0763215295168036,0,0.28510938602681724,0.27875793930839804,0.0,0.03288786684483521,0.0,0.01598821509326936,none of the three (rank gap under noise)
J,Industrials,36,0.07567311385862681,0,0.15702178231358072,0.15602892598959864,0.0,0.026171338130643138,0.02010197200930271,0.026359451948806588,none of the three (rank gap under noise)
EXPE,Consumer Discretionary,36,0.07547358905280757,0,0.15351633301304807,0.18855734703541985,0.0,0.05339538915785383,0.2682605600017112,0.06232978369029895,interest add-back
CAM,Industrials,36,0.07484805096507825,0,0.16852014875765797,0.16852014875765797,0.0,0.01023740909322009,0.0,0.10249006414942363,equity
CVS,Consumer Staples,36,0.07463859688804504,0,0.19842901576255997,0.19821814539511834,0.0,0.0010632643213300838,0.0,0.010224456744901602,none of the three (rank gap under noise)
RTX,Industrials,36,0.07458211318505589,0,0.2666898201744231,0.26398857760284017,0.0,0.04339688997321407,0.0,0.033860418476468715,none of the three (rank gap under noise)
JPM,Financials,36,0.07413177985821104,0,0.12837782517829058,0.16853554821051436,0.0,0.0,0.3734274909315428,0.025018967340400194,interest add-back
SO,Utilities,36,0.07400854079822237,0,0.15078450047621433,0.15078450047621433,0.05555555555555555,0.0,0.0,0.051057665847332234,none of the three (rank gap under noise)
CAG,Consumer Staples,36,0.07323685522855636,0,0.12521983859082783,0.18110425970028865,0.0,0.042292113920155965,0.234732986968742,0.05738764601352939,interest add-back
EBAY,Industrials,36,0.07313909485601877,0,0.14780733285406183,0.14780733285406183,0.0,0.0,0.0,0.03697852871472998,none of the three (rank gap under noise)
EQT,Energy,36,0.07304748244127378,0,0.1291661420624826,0.18729335965111427,0.0,0.0018926104822987776,0.232769603964757,0.055917169972529386,interest add-back
BBY,Consumer Discretionary,36,0.07287600976835634,0,0.27270446562970396,0.2584044154540893,0.0,0.12136085700426748,0.10752688172043011,0.07760990024832791,pretax_income
DIS,Consumer Discretionary,36,0.07285767446894649,0,0.23290324203325033,0.22983475439523127,0.0,0.05337446059137511,0.025767543859649123,0.020767261113243785,none of the three (rank gap under noise)
EXC,Utilities,36,0.07278037594347184,0,0.10996107572540693,0.1552547770700637,0.0,0.0,0.4742156509195817,0.016086894422911356,interest add-back
CNP,Utilities,36,0.07262846590115407,0,0.1804111804111804,0.1804111804111804,0.0,0.0,0.0,0.00934367928382424,none of the three (rank gap under noise)
GT,Materials,36,0.07242190189308559,0,0.5062266500622665,0.7216687422166874,0.0,0.058496206681608626,0.6925566343042071,0.13277288113018007,interest add-back
GLW,Materials,36,0.07090053357296168,0,0.06478593705698894,0.11686041016917116,1.0,,0.0,0.013107447960136933,pretax_income (missing; operating income used)
CB,Financials,36,0.07036633882168106,0,0.17556455571919488,0.17556455571919488,0.0,0.0,0.0,0.01248602986199654,none of the three (rank gap under noise)
BWA,Consumer Discretionary,36,0.07010223703094644,0,0.24686952572503731,0.23989489392071628,0.0,0.03119594054010252,0.0,0.031518577660771256,none of the three (rank gap under noise)
PNW,Utilities,36,0.06997255995872606,0,0.15986692001611646,0.20445586689140702,0.0,0.0,0.2878533708048249,0.006728108736625192,interest add-back
BRK.B,Financials,36,0.06965216044982599,0,0.11849909670818079,0.11589846893368932,0.0,0.01289709084758242,0.0,0.053160719072461546,none of the three (rank gap under noise)
FISV,Industrials,36,0.06901186794752735,0,0.2601697395376061,0.31840796019900497,0.0,0.08329251811089289,0.1680327868852459,0.023142484948083956,interest add-back
BDX,Health Care,36,0.06897780895135165,0,0.30120720364140113,0.3305572080111045,0.0,0.040201539215741246,0.08869908015768725,0.058423641725703856,none of the three (rank gap under noise)
MOLX,Information Technology,11,0.06897376912985,0,0.16395891636463733,0.16395891636463733,0.0,0.0,0.0,0.0323665785995257,none of the three (rank gap under noise)
PSKY,Communication Services,36,0.06891874073303088,0,0.2906883403572145,0.32440297009833435,0.0,0.03780040247523557,0.13160658032901645,0.08359023099115859,interest add-back
WDC,Information Technology,36,0.06880953710829274,0,0.19814521601447635,0.19814521601447635,0.0,0.0,0.0,0.042512489731577334,none of the three (rank gap under noise)
AKAM,Industrials,36,0.06774313301488738,0,0.159560756680818,0.159560756680818,0.0,0.0,0.0,0.0379966975158917,none of the three (rank gap under noise)
TRV,Financials,36,0.06769201289446422,0,0.1994273269882239,0.1994273269882239,0.0,0.0,0.0,0.020951741127190535,none of the three (rank gap under noise)
D,Utilities,36,0.06752142267751327,0,0.15387278234530508,0.1524881003894418,0.0,0.043460457411316995,0.0,0.02799212434407706,none of the three (rank gap under noise)
DO,Energy,36,0.06719255965517226,0,0.16696073412348417,0.16696073412348417,0.0,0.0,0.0,0.019034135850146308,none of the three (rank gap under noise)
WM,Utilities,36,0.06702475828691519,0,0.20506767390620081,0.19830028328611898,0.027777777777777776,0.033557577179321535,0.0,0.03027265440500568,none of the three (rank gap under noise)
PCG,Utilities,36,0.06696334625177665,0,0.081612360409974,0.13729539544133396,0.0,0.0,0.6437728937728938,0.03738332173144594,interest add-back
NOV,Industrials,36,0.06677258798100172,0,0.16885752947999227,0.17599683778842828,0.6944444444444444,0.013361961417901832,0.029652640497034737,0.031247335447492475,pretax_income (missing; operating income used)
DHI,Consumer Discretionary,36,0.0665535547652569,0,0.1591539935103014,0.1591539935103014,0.0,0.0,0.0,0.04901368812334531,none of the three (rank gap under noise)
ED,Utilities,35,0.06627801975633714,0,0.1319974554707379,0.1319974554707379,0.0,0.0,0.0,0.0,none of the three (rank gap under noise)
LEN,Consumer Discretionary,36,0.06599564075567318,0,0.1635781228673936,0.15752089099741154,0.0,0.03773260119942717,0.0,0.0372238393357269,none of the three (rank gap under noise)
SNI,Communication Services,22,0.06567438106296503,0,0.6077319194126998,0.49968443645178545,0.0,0.19616959834638978,0.0,0.06111343350698921,pretax_income
SYK,Health Care,36,0.06563931824244416,0,0.13496218731820825,0.13496218731820825,0.0,0.0,0.0,0.010526412986987603,none of the three (rank gap under noise)
GRMN,Industrials,36,0.06557901431844361,0,0.17858210468272587,0.17858210468272587,0.0,0.0,0.0,0.024604756090267004,none of the three (rank gap under noise)
MOS,Materials,34,0.06545772961984024,0,0.16494853039760454,0.16608071267895183,0.0,0.005829844664510425,0.0,0.03731694710909307,none of the three (rank gap under noise)
SAI,Information Technology,8,0.06537438265407722,0,0.25133689839572193,0.28762414056531704,0.0,0.003034903695154047,0.1409090909090909,0.1183432740269919,interest add-back
COF,Financials,36,0.06535070809958793,0,0.14580605065145497,0.1809646416442856,0.0,0.036985407483257376,0.2897800776196636,0.025005738406414475,interest add-back
ECL,Consumer Staples,36,0.06526693682199897,0,0.17677654779897337,0.17677654779897337,0.0,0.0,0.0,0.04702306223299821,none of the three (rank gap under noise)
XEC,Energy,19,0.06475697750677989,0,0.17906396257236762,0.17906396257236762,0.0,0.0,0.0,0.07004729505928102,none of the three (rank gap under noise)
SWK,Industrials,36,0.06475118631338657,0,0.08627485586539593,0.16602420842645227,0.0,0.09346821943826332,0.17935222672064777,0.023489452067398227,interest add-back
MRK,Health Care,36,0.0646063736408857,0,0.16482459449264428,0.16235382874387025,0.0,0.015103763225978733,0.0,0.022311017597422433,none of the three (rank gap under noise)
STZ,Consumer Staples,36,0.06413990626751741,0,0.20441194309182595,0.24382057826102158,0.0,0.0,0.0,0.04809854052459238,none of the three (rank gap under noise)
LUV,Industrials,36,0.06391825567026349,0,0.16480370774263903,0.16480370774263903,0.0,0.0,0.0,0.0125975252155054,none of the three (rank gap under noise)
RHT,Information Technology,36,0.06347349463851638,0,0.1544310244235784,0.1544310244235784,0.0,0.0,0.0,0.03952994745331749,none of the three (rank gap under noise)
RSG,Utilities,36,0.06324232900963628,0,0.10769912064275321,0.15734814949437254,0.0,0.0003389256090740075,0.42303172737955347,0.0032212249549486973,interest add-back
MS,Financials,36,0.06316463684952209,0,0.05064880112834979,0.09950634696755994,0.0,0.17618247438746162,1.179084619478446,0.03113808023966117,interest add-back
SRE,Utilities,36,0.06311843106437828,0,0.12990552325581395,0.17496366279069767,0.0,0.04221732449589202,0.4089246525237747,0.01617473628262881,interest add-back
GOOGL,Information Technology,33,0.06245748091902566,0,0.16603099336838126,0.17411721586548923,0.0,0.029459229140038505,0.0,0.06737242050917759,none of the three (rank gap under noise)
CFN,Health Care,25,0.062111206561022814,0,0.0987012987012987,0.0987012987012987,0.0,0.007393749024938192,0.0,0.005212223266990248,none of the three (rank gap under noise)
AVY,Materials,36,0.06206900956405893,0,0.24333199303042488,0.2637716123843989,0.0,0.08174248986756658,0.1763299462044232,0.007560971364841973,interest add-back
TWX,Communication Services,23,0.06190698702533255,0,0.17733413590155164,0.1819154628143392,0.0,0.025506362712858284,0.0,0.011423060481008015,none of the three (rank gap under noise)
NEE,Utilities,36,0.06188071330239539,0,0.16199900423201394,0.16199900423201394,0.0,0.0010979962673251093,0.0,0.0066298585386696885,none of the three (rank gap under noise)
PWR,Industrials,36,0.06165244296020408,0,0.12334370888144795,0.128834412836369,0.0,0.001326132509358092,0.007779612265453828,0.04222597381364316,none of the three (rank gap under noise)
XLNX,Information Technology,36,0.061596123110862724,0,0.25775807012942287,0.25775807012942287,0.0,0.0,0.0,0.014166517760541194,none of the three (rank gap under noise)
DAL,Industrials,23,0.06153625292372647,0,0.2170402817143348,0.2170402817143348,0.0,0.0,0.0,0.04697668209482351,none of the three (rank gap under noise)
ETN,Industrials,34,0.06091958506407537,0,0.11155454199923984,0.11155454199923984,0.0,0.0,0.0,0.01222377255342654,none of the three (rank gap under noise)
CERN,Information Technology,36,0.06088925483349818,0,0.20740317258659327,0.20740317258659327,0.0,0.0,0.0,0.0397098015095021,none of the three (rank gap under noise)
MUR,Energy,36,0.060680413671912826,0,0.17132774063401246,0.18831474043660085,0.0,0.10017012598389984,0.03319708039945712,0.022735335614580448,pretax_income
GEN,Information Technology,8,0.060456444052405495,0,0.18416175231676496,0.18416175231676496,0.0,0.0,0.0,0.006592873174595836,none of the three (rank gap under noise)
BMS,Materials,23,0.06037826527567154,0,0.1847054205699629,0.23059116809116809,0.0,0.0,0.25448671931083994,0.006212853924196224,interest add-back
DFS,Financials,36,0.06024689328318847,0,0.3648811175871959,0.4709038763992969,0.0,0.0,0.3069842988630211,0.01942342327533907,interest add-back
UNM,Financials,36,0.06002578320022332,0,0.13918305597579425,0.13918305597579425,0.0,0.0,0.0,0.006507054462631872,none of the three (rank gap under noise)
PHM,Consumer Discretionary,36,0.05987702881463029,0,0.11353569578692144,0.11368884858350871,0.0,0.0,0.0013489396046394429,0.013189746661843093,none of the three (rank gap under noise)
TXT,Industrials,36,0.05964286199039764,0,0.19967228464419476,0.24321161048689138,0.0,0.005878911699776059,0.2497055359246172,0.0433006718846605,interest add-back
META,Information Technology,25,0.059044110725754925,0,0.1360261524822695,0.1375775709219858,0.0,0.0,0.020334059549745823,0.08890268721615334,none of the three (rank gap under noise)
HES,Energy,36,0.05824739141407458,0,0.17724039829302987,0.17543859649122806,0.0,0.21613036731939383,0.0,0.024527123019495514,pretax_income
GOOG,Information Technology,18,0.05816410615894742,0,0.16603099336838126,0.17411721586548923,0.0,0.04755424884322515,0.0,0.06737242050917759,none of the three (rank gap under noise)
USB,Financials,23,0.057755870000413885,0,0.18884537737455306,0.23226230146182472,0.0,0.013306235220048868,0.21365022877478393,0.022630133553728674,interest add-back
INTC,Information Technology,23,0.05702753811045325,0,0.21647555616588848,0.21647555616588848,0.0,0.0,0.0,0.016987654539795928,none of the three (rank gap under noise)
PGR,Financials,36,0.056921478099085335,0,0.2752937101290304,0.2752937101290304,0.0,0.0,0.0,0.061777513127059765,none of the three (rank gap under noise)
LNC,Financials,36,0.056891968200610855,0,0.12124591138864109,0.12124591138864109,0.0,0.0005006257926836564,0.0,0.07353900906633569,none of the three (rank gap under noise)
AGN,Health Care,36,0.056440707282477964,0,0.26268181117335665,0.2349300656021785,0.0,0.0024160121452067636,0.051960648468892895,0.04477362862423789,none of the three (rank gap under noise)
MU,Information Technology,36,0.056121664469213926,0,0.14056005250492234,0.15631152920586305,0.0,0.14927760565512752,0.17063870352716873,0.0399884544862587,interest add-back
TEG,Utilities,30,0.055956883904747845,0,0.1466719545244233,0.18744777366599022,0.0,0.008522778861982626,0.27689472471780696,0.009162937946792413,interest add-back
TXN,Information Technology,36,0.05593055307174542,0,0.25483482927732026,0.25483482927732026,0.0,0.0,0.0,0.008945973532075978,none of the three (rank gap under noise)
TFC,Financials,36,0.05584944048104617,0,0.1315553880224285,0.17602700688324785,0.0,0.0,0.2852112676056338,0.034000244779989613,interest add-back
AXP,Financials,36,0.05531442309625603,0,0.40459581452605664,0.5050266721378744,0.0,0.0,0.24822515212981744,0.02437229547368987,interest add-back
ALTR,Information Technology,35,0.055269184062979496,0,0.1594810559049688,0.17273464876107256,0.0,0.0,0.03533562150084532,0.03384487200214113,none of the three (rank gap under noise)
EOG,Energy,36,0.05516900980331638,0,0.23836435275405926,0.23817853651911647,1.0,,0.068509691622009,0.03699149760722226,pretax_income (missing; operating income used)
ADSK,Information Technology,36,0.05516855310383398,0,0.12376741101039133,0.12376741101039133,0.0,0.0,0.0,0.006748139316956054,none of the three (rank gap under noise)
ISRG,Health Care,36,0.055042529460709165,0,0.24872907979665276,0.24872907979665276,0.0,0.0,0.0,0.07575862661731739,none of the three (rank gap under noise)
WMT,Consumer Staples,36,0.054708539164515776,0,0.3233361746770704,0.316398924660678,0.0,0.021688733234450218,0.0,0.036743661218289446,none of the three (rank gap under noise)
ALXN,Health Care,36,0.05462335868826589,0,0.22092844108024964,0.22265466426596264,0.0,0.0,0.00781349461967169,0.1256402938555047,equity
GD,Industrials,36,0.054399363292650695,0,0.24874146610578582,0.23984552789462796,0.0,0.03641898598931075,0.0,0.05271477178856711,none of the three (rank gap under noise)
L,Financials,23,0.054369547943818056,0,0.07344023023949019,0.07179566245246172,0.0,0.4030188374491372,0.46282722513089003,0.011751016535518853,interest add-back
TIF,Consumer Discretionary,36,0.05410914180388221,0,0.24765000777302162,0.24765000777302162,0.0,0.0,0.0,0.044472957324865676,none of the three (rank gap under noise)
UAA,Consumer Discretionary,20,0.05383022619777911,0,0.25343257053988005,0.25343257053988005,0.0,0.0,0.0,0.05109785190897987,none of the three (rank gap under noise)
CTXS,Information Technology,36,0.053619719996183486,0,0.12684039942124864,0.13140880979006508,0.0,0.0,0.0,0.03114674284401734,none of the three (rank gap under noise)
BAC,Financials,36,0.05341408573458684,0,0.028155303917098955,0.08362734009689562,0.0,0.0,1.5950401167031365,0.02010720884961279,interest add-back
HPQ,Information Technology,36,0.05336971578734815,0,0.24529572406569153,0.2387326267923283,0.6388888888888888,0.0,0.0,0.014468915165896247,pretax_income (missing; operating income used)
SJM,Consumer Staples,36,0.053334400868086565,0,0.15873601615910504,0.15873601615910504,0.0,0.0,0.0,0.010817598921022973,none of the three (rank gap under noise)
APC,Energy,36,0.0528322979275636,0,0.09635357093837214,0.08994830031568833,0.0,0.06878939198680895,0.0,0.07633464005559706,none of the three (rank gap under noise)
URBN,Consumer Discretionary,36,0.05257151825130214,0,0.2736886177312874,0.2736886177312874,0.0,0.0,0.0,0.11991549681351679,equity
NVDA,Information Technology,36,0.05223905392725021,0,0.13713333235288086,0.13781564441723113,0.0,0.0,0.020466277579401632,0.05417632680644863,none of the three (rank gap under noise)
PCAR,Consumer Discretionary,36,0.05223388446927266,0,0.2785920744326053,0.2785920744326053,0.0,0.0,0.0,0.03912067652915442,none of the three (rank gap under noise)
FLIR,Industrials,36,0.05187146910538923,0,0.15500881180141549,0.1640740651011043,0.0,0.0,0.05848218042792621,0.014849785157196751,none of the three (rank gap under noise)
HSIC,Health Care,10,0.05183576820271927,0,0.2521017602397503,0.2508336312915083,0.0,0.03972487793841109,0.035290389871011185,0.01754461561880451,none of the three (rank gap under noise)
WFM,Consumer Staples,36,0.05168762558280473,0,0.23053120165033522,0.23062248581743167,0.0,0.0,0.0,0.025443286183340276,none of the three (rank gap under noise)
EMN,Materials,36,0.051457219845916384,0,0.28205128205128205,0.2809116809116809,0.0,0.004177863432893785,0.0,0.04043464795547222,none of the three (rank gap under noise)
IGT,Consumer Discretionary,17,0.051006085625365856,0,0.286191350809818,0.2830188679245283,0.0,0.011147079343174424,0.0,0.04537331796021308,none of the three (rank gap under noise)
UPS,Industrials,36,0.050890199784831586,0,1.0308928019771393,1.089589125733704,0.0,0.0,0.07612680612464956,0.14021771505291075,equity
VFC,Consumer Discretionary,36,0.05063678598749669,0,0.2571137452160082,0.2571137452160082,0.0,0.0,0.0,0.04252198645529525,none of the three (rank gap under noise)
CVX,Energy,36,0.050403009715800855,0,0.24079054140148745,0.23962364113122264,0.0,0.0033943409847960577,0.0,0.010327872061973112,none of the three (rank gap under noise)
GGP,Real Estate,25,0.0502316941199568,0,0.10269610931392978,0.12827563601728273,1.0,,2.431910404691075,0.06874621186201967,pretax_income (missing; operating income used)
CA,Information Technology,36,0.05002739573437993,0,0.19822222222222222,0.20462222222222223,0.0,0.01433373800208029,0.0,0.01901800583576186,none of the three (rank gap under noise)
CI,Health Care,36,0.05000440579383454,0,0.2535571706418262,0.2534548060190398,0.0,0.0,0.0,0.011220458446378917,none of the three (rank gap under noise)
TMO,Information Technology,36,0.04980633395967499,0,0.08208371323077719,0.07793617740758539,0.0,0.004405293467916418,0.0,0.01913593598960748,none of the three (rank gap under noise)
CSX,Industrials,36,0.04976532896391894,0,0.27817974105102816,0.3316831683168317,0.0,0.0,0.19095816464237517,0.03754459959980344,interest add-back
GMCR,Consumer Staples,22,0.049432707436096505,0,0.26726171046130015,0.270641900770843,0.0,0.0,0.01264749186746043,0.21346422409370971,equity
HAL,Energy,36,0.049356631995264605,0,0.24243577545195052,0.24548049476688868,0.0,0.012480661223609142,0.0,0.03943918261578844,none of the three (rank gap under noise)
EMR,Industrials,36,0.04924092373591958,0,0.302574065080136,0.29713453132588635,0.0,0.018141087070650003,0.0,0.01757974608915463,none of the three (rank gap under noise)
TDC,Information Technology,36,0.04910039554069874,0,0.28939660222612773,0.28939660222612773,0.0,0.0,0.0,0.008110344537453643,none of the three (rank gap under noise)
MDLZ,Consumer Staples,36,0.04892591385970066,0,0.07388873443919315,0.10041905944435822,0.0,0.5078949120179099,0.0,0.016629870844227457,pretax_income
ATI,Materials,23,0.04878188945066162,0,0.09840296822068076,0.09461203419906436,0.0,0.039286289073826836,0.0,0.0030201162545303462,none of the three (rank gap under noise)
XOM,Energy,36,0.04873151051971746,0,0.33166669540180344,0.3267299989080648,0.0,0.021436733364931765,0.0043068817912413565,0.011822683569466426,none of the three (rank gap under noise)
CTSH,Information Technology,36,0.04850357027717723,0,0.2750936268852704,0.2750936268852704,0.0,0.0,0.0,0.08434925157019338,none of the three (rank gap under noise)
ITW,Industrials,36,0.04840819841141433,0,0.3408703878902554,0.3965941343424787,0.0,0.09901234866582427,0.06657789613848203,0.03259747298534336,none of the three (rank gap under noise)
KSS,Consumer Discretionary,36,0.04833738274821468,0,0.23486115757778522,0.23486115757778522,0.0,0.0,0.0,0.012461408574511008,none of the three (rank gap under noise)
SNDK,Information Technology,36,0.048320912004559284,0,0.21759139662726296,0.21759139662726296,0.0,0.0,0.0,0.01489538811516217,none of the three (rank gap under noise)
NRG,Utilities,36,0.04824338974301068,0,0.011562178828365879,0.08478116396088484,0.0,0.052239219099419816,2.8491379310344827,0.022078070891473824,interest add-back
HAR,Industrials,36,0.048162610015295836,0,0.1707316435355133,0.1759075476771443,0.0,0.0003025881066917759,0.07389626498828501,0.03273929060971988,none of the three (rank gap under noise)
DISCA,Communication Services,36,0.04805680276021812,0,0.2801807617817947,0.2798579728857327,0.0,0.0011527378798082617,0.0,0.007893189485132446,none of the three (rank gap under noise)
DOC,Real Estate,35,0.04795887041614733,0,0.07945455223671817,0.1268921577111467,0.0,0.09342449649296154,0.4766938794536051,0.0035795155876937467,interest add-back
BIIB,Health Care,36,0.04774814285978789,0,0.28776210691068765,0.28576401915398664,0.0,0.005566270465541901,0.0,0.07636467004985832,none of the three (rank gap under noise)
LLY,Health Care,36,0.047746011514730485,0,0.3340233900881382,0.3340233900881382,0.0,0.0,0.0,0.01978438872409034,none of the three (rank gap under noise)
ARG,Industrials,36,0.04746003903480815,0,0.29984260986206496,0.29984260986206496,0.0,0.0,0.0,0.0494032215586102,none of the three (rank gap under noise)
WBA,Consumer Staples,27,0.04716100849077631,0,0.18512831761351173,0.19056414244515732,0.0,0.0,0.04236200256739409,0.03961925353080162,none of the three (rank gap under noise)
CTRA,Energy,36,0.04641960141496377,0,0.11158616658073131,0.11158616658073131,0.0,0.0,0.0,0.02194537619593338,none of the three (rank gap under noise)
BLK,Financials,36,0.04618175450101303,0,0.150151171579743,0.1574074074074074,0.0,0.005173912087965326,0.05336368234699039,0.004790549859538577,none of the three (rank gap under noise)
ADI,Information Technology,36,0.045908788609884954,0,0.17202445957191106,0.177742692595287,0.0,0.0,0.033240813763379666,0.039700185067231816,none of the three (rank gap under noise)
DISCK,Communication Services,17,0.04588218912400976,0,0.31185290967511603,0.31220992502677614,0.0,0.0011441648845455247,0.0,0.026991088085772545,none of the three (rank gap under noise)
LOW,Consumer Discretionary,36,0.045758459169327734,0,0.309879355437442,0.309879355437442,0.0,0.0,0.0,0.05609271213396545,none of the three (rank gap under noise)
DHR,Information Technology,36,0.0455973272527748,0,0.15832566455446587,0.16581863991101303,0.0,0.0,0.04091418956814358,0.03240685304857992,none of the three (rank gap under noise)
BAX,Health Care,36,0.04528951301469411,0,0.3011934302256883,0.3682266009852217,0.0,0.0,0.0,0.01638973862001786,none of the three (rank gap under noise)
PCP,Materials,36,0.045164949958452785,0,0.22843843316353415,0.2209717265989569,0.0,0.004220224947670186,0.02909647779479326,0.0346975307483213,none of the three (rank gap under noise)
AMGN,Health Care,36,0.04475221550205512,0,0.23827842143374367,0.23827842143374367,0.0,0.0,0.0,0.03681448196772827,none of the three (rank gap under noise)
HRL,Consumer Staples,36,0.04465214966755231,0,0.255749958814958,0.2583444777930808,0.0,0.004852035286796446,0.015671207915010785,0.04733551891851455,none of the three (rank gap under noise)
BEAM,Industrials,16,0.044566571629750196,0,0.10884412740400251,0.129051841894148,0.0,0.031980057809706135,0.2241875771287536,0.014230135822507107,interest add-back
XRX,Information Technology,29,0.044399074128410355,0,0.11340981756629678,0.11959349593495935,0.0,0.08800000781656919,0.0,0.01755185727642652,none of the three (rank gap under noise)
HON,Industrials,36,0.04413372702858709,0,0.3098414152401672,0.3076658842388504,0.0,0.007046200115242039,0.0,0.03983555075015741,none of the three (rank gap under noise)
COR,Health Care,36,0.04408063137048809,0,0.35540889192562114,0.3402740764852964,0.0,0.011268608238646532,0.0,0.038748595668535515,none of the three (rank gap under noise)
MET,Financials,36,0.04407036729570661,0,0.06582944779295892,0.06545578607054084,0.0,0.005692380177226716,0.0,0.0378465588503806,none of the three (rank gap under noise)
DOV,Industrials,36,0.0438037694471563,0,0.2312498094213932,0.2370545148618402,0.0,0.01957283068380364,0.0,0.035206780630981066,none of the three (rank gap under noise)
LRCX,Industrials,36,0.04345832500483974,0,0.03983373413635539,0.04742603006636487,0.0,0.0,0.0,0.01849199575116122,none of the three (rank gap under noise)
CME,Financials,36,0.04343240949926737,0,0.07899491575276273,0.07857473003067356,0.3888888888888889,0.0004626105113625439,0.0,0.011381162384394803,none of the three (rank gap under noise)
SLB,Energy,36,0.0433441516863379,0,0.2069292969986475,0.2173462634168801,0.0,0.01285409395545206,0.047137113544988216,0.013463895458466565,none of the three (rank gap under noise)
EXPD,Consumer Discretionary,36,0.042890002829207796,0,0.2746549640897878,0.27394265973964677,0.0,0.0025968203998141875,0.0007608272780894294,0.036318202671778814,none of the three (rank gap under noise)
IPG,Communication Services,36,0.04286764848546342,0,0.27877385772122615,0.327811286457903,0.0,0.03832753646406324,0.20227272727272727,0.035097768782175555,interest add-back
NOC,Industrials,36,0.042784118794250335,0,0.3116459953752365,0.3116459953752365,0.0,0.0,0.0,0.01674654928815719,none of the three (rank gap under noise)
HP,Energy,36,0.0426400219511885,0,0.23535344738119812,0.23954875595763023,0.0,0.00820485283612183,0.00542637649260768,0.027027203612778754,none of the three (rank gap under noise)
AIG,Financials,36,0.04244203991083874,0,0.0951205077447399,0.11388426350352672,0.0,0.008185874658056628,0.22678665960825833,0.01271619867809868,interest add-back
FFIV,Information Technology,36,0.04209060461368977,0,0.3251196028283436,0.3251196028283436,0.0,0.0,0.0,0.0387640517031656,none of the three (rank gap under noise)
FDX,Industrials,36,0.041711746183541856,0,0.17719495039632802,0.17778607831557608,0.0,0.0,0.041024113582335486,0.01854787283928724,none of the three (rank gap under noise)
BEN,Financials,36,0.04169163524241543,0,0.29433447570376636,0.2967841500657516,0.0,0.0067963196935997726,0.01401454674472237,0.03505990054561881,none of the three (rank gap under noise)
DVN,Energy,22,0.04167027931296873,0,0.09785875372907583,0.10581172457161778,0.0,0.010455944875232747,0.0,0.06255065754296732,none of the three (rank gap under noise)
FLS,Industrials,36,0.041654966827106364,0,0.4064860651236995,0.3981246581575178,1.0,,0.07883302836296834,0.04632214934820266,pretax_income (missing; operating income used)
AN,Consumer Discretionary,36,0.04165158141625554,0,0.3060704767545158,0.3055374592833876,0.0,0.0016134950328446816,0.0,0.05647381144211635,none of the three (rank gap under noise)
PG,Consumer Staples,36,0.041603145700260837,0,0.21075841592804437,0.22442474784962668,1.0,,0.047837527832130085,0.020584534890923763,pretax_income (missing; operating income used)
CHK,Energy,36,0.04133500812913253,0,0.09015317286652079,0.09371678649577993,0.0,0.12544057394482686,0.0670147954743255,0.02140111366816574,pretax_income
CMCSA,Communication Services,36,0.04117971025366525,0,0.2352094983386012,0.26373929853631595,0.0,0.029119852260401625,0.2384216376435717,0.010297377464403621,interest add-back
ADT,Industrials,26,0.04116528260662137,0,0.14854234150856085,0.1758312020460358,0.0,0.0,0.1838006230529595,0.029895493700095616,interest add-back
MPC,Energy,36,0.040805078975692195,0,0.3567110036275695,0.3538275509254953,0.0,0.006490518844663705,0.0,0.02785695450296628,none of the three (rank gap under noise)
MSFT,Information Technology,36,0.04059538234237506,0,0.33553335442942606,0.33553335442942606,0.0,0.0,0.0,0.033495589843002285,none of the three (rank gap under noise)
RL,Consumer Discretionary,36,0.04048432984298995,0,0.27169062964799207,0.2766484878532474,0.0,0.0,0.01824817518248175,0.010112307160806033,none of the three (rank gap under noise)
MDT,Health Care,32,0.04038510152023561,0,0.2276792887365433,0.2276792887365433,0.0,0.0,0.0,0.005921349837508402,none of the three (rank gap under noise)
COST,Consumer Staples,36,0.04018234805759999,0,0.25985531984068927,0.2666016418759652,0.0,0.009428102521201631,0.03506829088224437,0.07408243868794562,none of the three (rank gap under noise)
SWKS,Information Technology,10,0.04017074060186648,0,0.22318749012794187,0.22318749012794187,0.0,0.0,0.0,0.12287718316394049,equity
SIAL,Industrials,34,0.03995290407677659,0,0.22694300518134716,0.22832469775474956,0.0,0.0,0.0060882800608828,0.04116757502038779,none of the three (rank gap under noise)
AON,Financials,36,0.039501406207149,0,0.2056171089925277,0.21461019030079803,0.3611111111111111,0.0,0.14447592067988668,0.027197006156220872,interest add-back
IVZ,Financials,36,0.039171663278556,0,0.14956032695469818,0.1574958892357553,0.0,0.01737525942180414,0.0530209617755857,0.013543629345000686,none of the three (rank gap under noise)
PSX,Energy,35,0.0391047036534987,0,0.2660954145437703,0.2971746178786475,0.0,0.007930827437967813,0.0,0.02020270731751947,none of the three (rank gap under noise)
RDC,Energy,19,0.03844185068856833,0,0.04048569595147454,0.04666877329687333,0.0,0.13205773419206093,0.31545719741498884,0.016288840533884966,interest add-back
NEM,Materials,36,0.03821671632228452,0,0.04925053533190578,0.06239050029199922,0.0,0.1508378261428259,0.03801526717557252,0.020761906242296117,pretax_income
RVTY,Health Care,36,0.03757805812237914,0,0.07687791396985791,0.07652092994338895,0.0,0.02017828082420658,0.0,0.017371047520987292,none of the three (rank gap under noise)
ES,Utilities,36,0.03746495909442081,0,0.1269964567548469,0.1622352866266425,0.0,0.0,0.27954039102582906,0.014694458954490201,interest add-back
NKE,Consumer Discretionary,36,0.0370424082487506,0,0.3103578173889239,0.31129901495077406,0.0,0.0,0.0,0.015660282095280163,none of the three (rank gap under noise)
WHR,Industrials,36,0.036992819265378,0,0.18034800409416582,0.20552712384851587,0.0,0.043963123421116204,0.19776536312849163,0.03531646206707799,interest add-back
TGNA,Communication Services,36,0.03676298666565189,0,0.28520505706168686,0.32763737474549204,0.0,0.07868177487436513,0.24281726052155952,0.03389934987417245,interest add-back
TSS,Industrials,36,0.036730432306682916,0,0.23212300370636865,0.25216073420759044,0.0,0.01267945234671993,0.0,0.021951043502573868,none of the three (rank gap under noise)
FOXA,Communication Services,36,0.03659788103567033,0,0.29791020783097943,0.4041221724652658,0.0,0.10878207479740737,0.18942210206150725,0.034919870091997714,interest add-back
DELL,Information Technology,9,0.03655503408043494,0,0.26601123595505616,0.26601123595505616,0.0,0.0,0.0,0.005509141344030669,none of the three (rank gap under noise)
BHI,Industrials,36,0.0363156637510338,0,0.11611693713750074,0.1280684281445896,0.0,0.004089985251525066,0.1062753036437247,0.020673437132382854,interest add-back
TEL,Industrials,36,0.036308777542233966,0,0.17751850457909923,0.19320035127336596,0.0,0.004016069654889965,0.11378205128205128,0.013454106781337965,interest add-back
NSC,Industrials,36,0.03627703471642978,0,0.26264505270617416,0.30915050048719994,0.3611111111111111,0.0,0.17706576728499157,0.03516157187877158,interest add-back
CAT,Industrials,36,0.03609460109126386,0,0.30209200047545465,0.3025674551289671,0.0,0.001572636455433479,0.0,0.016117446391785535,none of the three (rank gap under noise)
CINF,Financials,36,0.035851619193243284,0,0.10969116080937168,0.11775445002282063,0.0,0.0,0.07563025210084033,0.03925438697859608,none of the three (rank gap under noise)
NE,Energy,30,0.035655895591231494,0,0.09105397967621051,0.09778308533054968,0.0,0.06882610375013733,0.1281130869154746,0.020091845080610012,interest add-back
ZION,Financials,36,0.03561272274476364,0,0.08432328791659713,0.10779805496415647,0.0,0.0,0.5664720458817577,0.035785543944240744,interest add-back
SCHW,Financials,36,0.035342438051985364,0,0.16424236586070706,0.17435699836239282,0.0,0.0,0.06158357771260997,0.03529525003675625,none of the three (rank gap under noise)
M,Consumer Discretionary,36,0.03511049729053853,0,0.366458633381341,0.42886861897903666,0.0,0.0,0.1703056768558952,0.06439245618335002,interest add-back
BRCM,Information Technology,36,0.035061027597781,0,0.07369351452878135,0.07767097558280853,0.0,0.0,0.053973013493253376,0.017111679362749887,none of the three (rank gap under noise)
GAS,Energy,29,0.03476553935722845,0,0.1437620490223079,0.18865326356375653,0.0,0.046060773376534525,0.35912698412698413,0.03491086496960442,interest add-back
ICE,Financials,33,0.03473448069974512,0,0.11383495145631067,0.11966019417475728,0.0,0.01720472544963076,0.06941431670281996,0.004037147186971145,none of the three (rank gap under noise)
STJ,Health Care,36,0.03441646703800214,0,0.24548119198827553,0.24548119198827553,0.0,0.038779092890454864,0.0,0.04930232197286966,none of the three (rank gap under noise)
CMI,Industrials,36,0.0344086630507833,0,0.31410504581236287,0.3223641760227126,0.0,0.0,0.019348749410099102,0.0134591533740048,none of the three (rank gap under noise)
FSLR,Information Technology,36,0.03401961535138001,0,0.0839900451176374,0.08440842198859146,0.0,0.0,0.004981267367675171,0.023663580529788134,none of the three (rank gap under noise)
CMG,Consumer Discretionary,36,0.0334908057059867,0,0.35495627293006404,0.35495627293006404,0.0,0.0,0.0,0.10272041826444986,equity
DPS,Consumer Staples,36,0.03344256344804733,0,0.42894736842105263,0.4837719298245614,0.0,0.0009315324381114966,0.1278118609406953,0.014047641013250269,interest add-back
LIN,Materials,36,0.0329523594128926,0,0.3786279683377309,0.37565963060686014,0.0,0.007870613432329688,0.0,0.022682760346284872,none of the three (rank gap under noise)
AVGO,Information Technology,20,0.03264472933304981,0,0.10545790934320073,0.1251927227875424,0.0,0.14445128273854485,0.3716216216216216,0.0888000281891675,interest add-back
URI,Industrials,16,0.03247482766936393,0,0.4732739420935412,0.4732739420935412,0.0,0.0,0.0,0.1820988644425165,equity
YHOO,Information Technology,36,0.03241412424326225,0,0.2713444125016581,0.2983811273585194,0.0,0.12110842133480437,0.0,0.05298107413265026,pretax_income
TT,Information Technology,23,0.032280297744821815,0,0.1173591364993139,0.15371557102236558,0.0,0.026629153786005045,0.34513493438970044,0.04495445945141055,interest add-back
MMM,Health Care,36,0.03227530806800419,0,0.3749285795909039,0.3713861272997372,0.0,0.00949325763731842,0.0,0.012496275247066748,none of the three (rank gap under noise)
FITB,Financials,36,0.03214018235443648,0,0.1611256926217556,0.19860017497812774,0.0,0.0009866799024451063,0.2226061204343534,0.015116197642942317,interest add-back
AEE,Utilities,36,0.03208687762882239,0,0.12668092909535453,0.15250611246943765,0.0,0.0072426596993029144,0.3541017653167186,0.0063684824793624915,interest add-back
APD,Materials,36,0.031874521549865066,0,0.19176098038937248,0.2050382698342824,0.0,0.03642249910701012,0.09214112101347868,0.017395534697615556,none of the three (rank gap under noise)
PVH,Consumer Discretionary,35,0.031866687809697425,0,0.08968219416630388,0.12258552345164173,0.0,0.0001672782464624709,0.3665389527458493,0.04402526127685231,interest add-back
TRIP,Information Technology,36,0.031859960948364754,0,0.3293332407921525,0.3409864889875995,0.0,0.0,0.027950310559006212,0.09813447056608675,none of the three (rank gap under noise)
NWL,Materials,36,0.031674634287672934,0,0.261742698527637,0.2842690439224721,0.0,0.010333784100670672,0.0,0.021219359154332592,none of the three (rank gap under noise)
CCI,Real Estate,36,0.03155952134751146,0,0.04223198378106107,0.04168482702555915,0.0,0.021513654491362298,0.0,0.009403830831721971,none of the three (rank gap under noise)
MKC,Consumer Staples,36,0.031020133556275666,0,0.3063999115728971,0.3501160605725655,0.0,0.045408975240839214,0.09970781592403213,0.019511961808583448,none of the three (rank gap under noise)
TROW,Financials,23,0.03081726631158109,0,0.3529192005147257,0.3529192005147257,0.0,0.0,0.0,0.08155349284315688,none of the three (rank gap under noise)
FCX,Materials,36,0.03080110359883985,0,0.2346899780261775,0.234833285564154,0.0,0.0006104385172772522,0.0,0.02663988822234359,none of the three (rank gap under noise)
ESV,Energy,36,0.030781651029785043,0,0.12380132360886008,0.1298031469475959,0.0,0.03645351034596842,0.0874054168729227,0.04976053031899036,none of the three (rank gap under noise)
GWW,Industrials,36,0.03069453008358816,0,0.3961309214327423,0.39690374035745335,0.3611111111111111,0.008354942468681343,0.010357228444825927,0.039138169380578305,none of the three (rank gap under noise)
HBI,Consumer Discretionary,10,0.030670706946381677,0,0.33528799254672,0.33528799254672,0.0,0.0,0.0,0.028801700115659627,none of the three (rank gap under noise)
LLL,Information Technology,36,0.030566307374466067,0,0.18196911837954508,0.20986219491947533,0.0,0.014153747438093766,0.16283348666053357,0.014832176985004318,interest add-back
CSCO,Information Technology,36,0.03038411494811642,0,0.18990189445196212,0.19976319350473612,0.2222222222222222,0.0,0.058054554812146164,0.03225114802964065,none of the three (rank gap under noise)
TER,Information Technology,11,0.030147945432724664,0,0.14956293878331378,0.16389191134503517,0.0,0.0,0.09580563659879086,0.04837248932663519,none of the three (rank gap under noise)
VAR,Health Care,36,0.030092223455041835,0,0.357139814697578,0.3598501627052375,0.0,0.0,0.006745817152248959,0.014443368984600559,none of the three (rank gap under noise)
EW,Health Care,36,0.03001743387093189,0,0.3304899948691637,0.3367752693689071,0.0,0.0,0.015034965034965035,0.06572925383212856,none of the three (rank gap under noise)
KR,Consumer Staples,36,0.029831539213758237,0,0.48946784922394676,0.5761271249076128,0.0,0.005272419946572498,0.19515418502202644,0.07459385998035879,interest add-back
ADBE,Information Technology,36,0.029798102950734637,0,0.05333250687546534,0.06299956250407085,0.0,0.0,0.16529044540866022,0.0170602697966526,interest add-back
VMC,Materials,36,0.029773604116689494,0,-0.0009402997278387123,0.0514234507654187,0.0,0.011131499516404285,1.7892009908888609,0.012341798051918469,interest add-back
GPC,Consumer Discretionary,23,0.029637745758363494,0,0.311818729595106,0.31987200043952446,0.0,0.0,0.02582677074874749,0.017550472530958344,none of the three (rank gap under noise)
K,Consumer Staples,36,0.029424984730725016,0,0.5477470028937578,0.5473336089293096,0.0,0.002689723043300066,0.0,0.050369036321735866,none of the three (rank gap under noise)
GM,Consumer Discretionary,31,0.0293544527974457,0,0.11975068392701019,0.16938827311955326,0.0,0.016384077766026038,0.14037200588786297,0.014491808089764488,interest add-back
AMZN,Consumer Discretionary,36,0.029127163958037567,0,0.05191873589164785,0.0587158203125,0.0,0.3353699032374964,0.32413793103448274,0.05877600261893165,pretax_income
QCOM,Information Technology,36,0.029036223305736852,0,0.2241057979524624,0.2272777654622035,0.0,0.048149830740056215,0.0,0.05545081631847527,none of the three (rank gap under noise)
SPLS,Consumer Discretionary,36,0.029019856397713126,0,0.050543264457567766,0.0616892234903404,0.0,0.08533753760829048,0.18326216271654205,0.011296779328692325,interest add-back
ADS,Financials,25,0.028977605048877798,0,0.9271420408268196,1.2841342384146976,0.0,0.0,0.3850458525961291,0.20144702835604514,interest add-back
INTU,Information Technology,36,0.028968602265019565,0,0.4194606413994169,0.42857142857142855,0.0,0.028515170308021233,0.0,0.26314888592790886,equity
GME,Consumer Discretionary,36,0.02876204633765933,0,0.25264280003553347,0.25513014124544725,0.0,0.0,0.017590004931777085,0.03158537242606105,none of the three (rank gap under noise)
RHI,Industrials,36,0.02859119070571914,0,0.43231884546503374,0.43231884546503374,0.0,0.0,0.0,0.018962399003609576,none of the three (rank gap under noise)
EA,Information Technology,36,0.02855348175828622,0,0.061314512571680635,0.061314512571680635,0.0,0.0,0.0,0.09462822939981479,none of the three (rank gap under noise)
KEY,Financials,36,0.028442360397693614,0,0.1107444433660099,0.143259244880132,0.0,0.03445646633528669,0.2497883149872989,0.006695478896615812,interest add-back
JNJ,Health Care,36,0.028403993014152626,0,0.2124919013975874,0.225927868447845,0.0,0.0,0.031155064313877576,0.03081933761356283,none of the three (rank gap under noise)
SYY,Consumer Staples,36,0.02789807217381343,0,0.29805693967999597,0.32280649715609777,0.0,0.0,0.06356270901041591,0.008731594672350153,none of the three (rank gap under noise)
AIZ,Financials,36,0.02784455995589526,0,0.14613259700472445,0.15776263430585227,0.0,0.0,0.07958551027976209,0.061789628100851646,none of the three (rank gap under noise)
BALL,Industrials,36,0.027723128843952026,0,0.5343621029965907,0.7055445899874394,0.0,0.0035562465001725677,0.32950126796280643,0.012642585787592149,interest add-back
BBBY,Consumer Discretionary,36,0.02750663758212472,0,0.4093705939202093,0.4093705939202093,0.0,0.0,0.0,0.013822098240055189,none of the three (rank gap under noise)
FRX,Health Care,18,0.0272843311421445,0,-0.007807834465136883,-0.007807834465136883,0.0,0.0,0.0,0.007103376485325345,none of the three (rank gap under noise)
WYN,Consumer Discretionary,36,0.027169655934196336,0,0.4208256315465188,0.5009242144177449,0.0,0.0014652017273279626,0.19208211143695014,0.13872620950162656,interest add-back
FE,Utilities,36,0.02708642263014821,0,0.04491017964071856,0.04624960605105578,0.0,0.029388458999500638,0.0,0.006748491869283543,none of the three (rank gap under noise)
TWC,Communication Services,36,0.026816024192272702,0,0.4377070430649575,0.4377070430649575,0.0,0.0,0.0,0.05396080806531007,none of the three (rank gap under noise)
HOG,Consumer Discretionary,36,0.02678701665211078,0,0.3759395438891721,0.39393788922844014,0.0,0.0,0.040613656045696646,0.0436499624411082,none of the three (rank gap under noise)
RAI,Consumer Staples,36,0.026556338323858678,0,0.5002211410880142,0.505749668288368,0.0,0.0,0.0,0.03110460356744888,none of the three (rank gap under noise)
X,Materials,18,0.026513309637778804,0,0.001725625539257981,0.0635605406960023,0.0,0.15415067982725836,30.571428571428573,0.0015831691653718787,interest add-back
SIG,Consumer Discretionary,6,0.026284342576303743,0,0.19235695986336465,0.2051665243381725,0.0,0.0,0.06659267480577137,0.021751464674901085,none of the three (rank gap under noise)
T,Communication Services,36,0.02606083822035071,0,0.11458285398739128,0.15276563434724588,0.0,0.026696726968243652,0.33884297520661155,0.009516450105313885,interest add-back
OXY,Energy,36,0.025976448722288385,0,0.18467612954818072,0.19282287085165933,0.0,0.0431683600833723,0.0,0.021410494242522254,none of the three (rank gap under noise)
SPG,Real Estate,36,0.025855663920158495,0,0.4129802239748788,0.48430540843294667,1.0,,0.6493904968677832,0.013933449727165986,pretax_income (missing; operating income used)
GHC,Other,20,0.02558236481914174,0,0.04663909284818262,0.09267378388787748,0.0,0.5241499409434108,0.17644431135960886,0.033413007930679084,pretax_income
ETFC,Financials,36,0.02557301407021256,0,0.040144565659477854,0.040144565659477854,0.0,0.0,0.0,0.02257810550651753,none of the three (rank gap under noise)
HOT,Consumer Discretionary,36,0.025541755261707034,0,0.24642857142857144,0.26726190476190476,0.0,0.08115691391693985,0.0,0.1026152781946045,equity
OKE,Energy,36,0.025447728808411257,0,0.4434832873076701,0.4123381334320056,0.0,0.5435260775936828,0.765505679558961,0.05409498296565225,interest add-back
VNO,Real Estate,36,0.02536534215453208,0,0.060828339489427355,0.09128564203280282,0.0,0.5502747115551506,0.0,0.030252722989085296,pretax_income
ADP,Information Technology,36,0.025222842555007934,0,0.3410092650895026,0.34493287452139776,0.0,0.005830153500490186,0.0036284812214316007,0.04498212211157253,none of the three (rank gap under noise)
FAST,Consumer Discretionary,36,0.025178308015119936,0,0.4111460998936413,0.41162385254516853,0.0,0.0,0.0001583813149293311,0.06130596287418731,none of the three (rank gap under noise)
KMX,Consumer Discretionary,29,0.025175686654338007,0,0.24037465213263684,0.24967040971095242,0.0,0.0,0.03867195436724435,0.012281831763069207,none of the three (rank gap under noise)
GIS,Consumer Staples,36,0.024665376034080432,0,0.3799196666766584,0.43663259494619466,0.0,0.023971681643867645,0.12205361269450007,0.05222155116875546,interest add-back
NTAP,Information Technology,36,0.024475306108753515,0,0.1956160042255381,0.20514987455433778,0.0,0.0,0.05064534231200898,0.07639603506180373,none of the three (rank gap under noise)
VIAB,Communication Services,36,0.024167659966734253,0,0.6776429809358753,0.6672443674176777,0.0,0.02099286294956216,0.0,0.08896622073599106,none of the three (rank gap under noise)
PXD,Energy,36,0.02409800785581011,0,0.04922474502377599,0.08593084557578945,0.0,0.07203892293730793,0.1749685056689796,0.022651388969019116,interest add-back
RIG,Energy,27,0.023570571503290196,0,0.05500158780565259,0.03518577326135281,0.0,0.018503471564559726,0.35075075075075074,0.02450976046237758,interest add-back
COL,Industrials,36,0.022958429718843102,0,0.5364647713226205,0.5364647713226205,0.0,0.0,0.0,0.06403623184702309,none of the three (rank gap under noise)
TSCO,Consumer Discretionary,24,0.022901183931966454,0,0.4187094660416846,0.4194474682349769,0.0,0.0,0.0017523234044601428,0.015746213221426057,none of the three (rank gap under noise)
FTI,Industrials,36,0.022610251705613496,0,0.3272905438510534,0.33894060645653,0.0,0.007256520817826105,0.04393024815560027,0.04942666232054532,none of the three (rank gap under noise)
JNPR,Information Technology,36,0.022327324462758456,0,0.04164880697242463,0.04164880697242463,0.0,0.0,0.0,0.043708523156367085,none of the three (rank gap under noise)
AMAT,Information Technology,36,0.022298319661827118,0,0.04937923250564334,0.06278216704288939,0.0,0.0,0.2714285714285714,0.025597382524495227,interest add-back
ABT,Health Care,36,0.0220984942526602,0,0.11697482114652048,0.1500975564433708,0.0,0.07376791320689459,0.0578481945467944,0.06658047469652971,none of the three (rank gap under noise)
HBAN,Financials,36,0.02203603505051657,0,0.14010653313490695,0.1656878968370752,0.0,0.0,0.182585088145292,0.02092065400512303,interest add-back
PRGO,Health Care,28,0.021743393869553033,0,0.031358925099794085,0.031358925099794085,0.0,0.0,0.0,0.03195645358001396,none of the three (rank gap under noise)
HST,Real Estate,23,0.021655222870142522,0,0.031959048146098505,0.08882125069175428,0.0,0.3806281849612252,0.8994082840236687,0.0114176905811968,interest add-back
TPR,Other,36,0.021635349168205704,0,0.6311441590796453,0.6311441590796453,0.0,0.0,0.0,0.008599371386041423,none of the three (rank gap under noise)
NTRS,Financials,36,0.021013811111577314,0,0.13593276036400403,0.16404196157735085,0.0,0.0,0.20678754067875407,0.018609278557790484,interest add-back
MCHP,Information Technology,20,0.020989275763514084,0,0.20246401128374622,0.22527688400771542,0.0,0.0,0.11267618664335244,0.026176239985985124,interest add-back
COV,Health Care,24,0.020627781783108975,0,0.216206958848435,0.24276116881583315,0.0,0.024721181183965008,0.09769844997651479,0.03403859775583695,none of the three (rank gap under noise)
MLM,Materials,18,0.020583345896482804,0,0.05726694867536656,0.072740272377565,0.0,0.005083813633711527,0.2637553504120616,0.013540628841158291,interest add-back
AAPL,Information Technology,36,0.020571233154291782,0,0.4717282801793419,0.4717282801793419,0.0,0.0,0.0,0.04552922516692246,none of the three (rank gap under noise)
CELG,Health Care,36,0.02008070979504343,0,0.29793019553122596,0.31431689296767384,0.0,0.0,0.05500180136904047,0.03307457298395928,none of the three (rank gap under noise)
RF,Financials,36,0.019974087119981814,0,0.1006468797564688,0.12417554540842211,0.0,0.008225291549060456,0.24396442185514614,0.0053116272190909634,interest add-back
EL,Consumer Staples,36,0.019895434517533103,0,0.46091986821966846,0.46091986821966846,0.0,0.0,0.0,0.031207110778484207,none of the three (rank gap under noise)
HIG,Financials,36,0.01987519658054551,0,0.00333245173234594,0.01724411531340915,0.0,0.3920185447924204,0.8590225563909775,0.027288887140602215,interest add-back
ORLY,Consumer Discretionary,36,0.01926987933365291,0,0.5385397399509032,0.5385397399509032,0.0,0.0,0.0,0.029620883667612195,none of the three (rank gap under noise)
NDAQ,Financials,36,0.019177279517024533,0,0.10253754531330916,0.12290695667184533,0.0,0.0016820861829848262,0.18469217970049917,0.009874066434110797,interest add-back
CPRI,Other,26,0.019045526830942593,0,0.5603938481859377,0.5603938481859377,0.0,0.0,0.00039001753590295015,0.1735141775964637,equity
FOSL,Industrials,36,0.018855429908558513,0,0.5253851257208679,0.5343195371473326,0.0,0.0,0.01700545178968666,0.05729520584417654,none of the three (rank gap under noise)
LH,Health Care,36,0.018537967090311327,0,0.37664679473025686,0.3816147788327077,1.0,,0.10557986870897156,0.05748317141127795,pretax_income (missing; operating income used)
CTAS,Consumer Discretionary,35,0.01825048081946502,0,0.22707690965944913,0.2569257576225578,0.0,0.0,0.1314481864663098,0.004765951910004968,interest add-back
VLO,Energy,36,0.018067245333665976,0,0.20552351375332742,0.22304791481810116,0.0,0.0020110615123794372,0.08438932326772715,0.017100073034793172,none of the three (rank gap under noise)
SRCL,Utilities,36,0.01802582179398112,0,0.2705920963449698,0.302846101908622,0.0,0.003589930253581459,0.12444009902420698,0.042855610392197194,interest add-back
MCD,Consumer Discretionary,36,0.017991003715149768,0,0.5626275043155307,0.5620390228592352,1.0,,0.06394355737096176,0.008516864683313575,pretax_income (missing; operating income used)
BKNG,Consumer Discretionary,36,0.017923749255578336,0,0.34896168813780437,0.3592752349973047,0.0,0.0,0.035226228510746256,0.023799871045329487,none of the three (rank gap under noise)
DUK,Utilities,36,0.01791446401365821,0,0.09484635857730463,0.12658103975535168,0.0,0.008935883993303634,0.45664414414414417,0.007363372617075027,interest add-back
JEF,Financials,22,0.017849474626429062,0,0.04186481626414835,0.051618471743951386,0.0,0.0229034725332607,0.24673245856444767,0.02427315813006241,interest add-back
PETM,Consumer Discretionary,26,0.017676039661583272,0,0.5312319774437696,0.545445321789404,0.0,0.026403770364646247,0.0,0.05860271217919842,none of the three (rank gap under noise)
CCL,Consumer Discretionary,36,0.017627961560301345,0,0.051259881422924904,0.06311758893280632,0.0,0.0,0.25806451612903225,0.010773169144252786,interest add-back
MA,Industrials,36,0.017528488759130004,0,0.601282736504543,0.6031533939070016,0.0,0.0,0.005085176709890669,0.07474259061068639,none of the three (rank gap under noise)
MON,Materials,36,0.017441857115907414,0,0.2730312923003424,0.2841786766462298,0.0,0.009375984302336382,0.0648336727766463,0.05713019474690837,none of the three (rank gap under noise)
PAYX,Industrials,36,0.017424542461826873,0,0.5461145084177819,0.5461145084177819,0.0,0.0,0.0,0.007526704274604471,none of the three (rank gap under noise)
STI,Financials,36,0.01678734041879264,0,0.09902195174961964,0.122190828080852,0.0,0.00947528955009173,0.28011717319663126,0.009670904625172061,interest add-back
PEG,Utilities,36,0.016598294169794383,0,0.21131725417439703,0.22578849721706865,1.0,,0.19562043795620437,0.020042460157471242,pretax_income (missing; operating income used)
DG,Consumer Staples,22,0.01658175237836389,0,0.3014201825073632,0.3178920116330535,0.0,0.0,0.0546473994829058,0.05232656149609714,none of the three (rank gap under noise)
WAT,Health Care,11,0.016498426637636284,0,0.2590113508132832,0.2770572755303573,0.0,0.0,0.06967233158087786,0.017262505490269513,none of the three (rank gap under noise)
EFX,Industrials,36,0.016484706881031708,0,0.23053853175120614,0.2655278828182727,0.0,0.01923315751630646,0.1283893395133256,0.02385189999069126,interest add-back
ELV,Health Care,29,0.016247681003138708,0,0.16239754313586274,0.18389930554096803,0.0,0.0021953403589414456,0.13721817392694793,0.021417797253086464,interest add-back
KO,Consumer Staples,36,0.01610792273889381,0,0.3459741355921985,0.3586651795134597,0.0,0.0036662052237868793,0.0404897245299519,0.017443107572537277,none of the three (rank gap under noise)
BF.B,Consumer Staples,36,0.015984547857790368,0,0.525984251968504,0.5401574803149606,0.0,0.0,0.027455121436114043,0.023073276164302357,none of the three (rank gap under noise)
DLTR,Consumer Staples,36,0.015905794846276758,0,0.5871168955796797,0.5871168955796797,0.0,0.0,0.0,0.0,none of the three (rank gap under noise)
CHRW,Consumer Discretionary,36,0.015822096439696006,0,0.6909461660052626,0.6909461660052626,0.0,0.0,0.0,0.0435946220284567,none of the three (rank gap under noise)
NFLX,Communication Services,36,0.0157453438147934,0,0.1282835955760554,0.15013636421581014,0.0,0.0,0.17034733507137262,0.1030792045351688,interest add-back
KSU,Industrials,32,0.015635345728254535,0,0.18988150712288643,0.2088137398482226,0.0,0.0034126952760788996,0.14662543205384757,0.029307368460063064,interest add-back
KLAC,Information Technology,36,0.015551250070220173,0,0.20016128214673679,0.2148265658239915,0.0,0.0,0.07326733482104564,0.03868818057297054,none of the three (rank gap under noise)
MHK,Consumer Discretionary,25,0.015515035718387957,0,0.09988014051378406,0.11643361651734108,0.0,0.002087618227756611,0.21594630721654795,0.042156240276683445,interest add-back
AA,Materials,36,0.015419216241563113,0,0.024547314190468975,0.06386847488446094,0.0,0.08572454114096739,0.8044217687074829,0.026330440711606135,interest add-back
MNST,Consumer Staples,36,0.015363048749524775,0,0.5682817030290875,0.5682817030290875,0.0,0.0,0.0,0.23538919631304067,equity
PNC,Financials,34,0.015212079706951775,0,0.12601288411034545,0.14634912796570224,0.0,0.0,0.16138225863911648,0.01904033957731749,interest add-back
BCR,Health Care,36,0.01516123235583595,0,0.38032923092901283,0.40089318170016097,0.0,0.0,0.05406881485527035,0.0846519064486329,none of the three (rank gap under noise)
CBRE,Real Estate,36,0.014905454885445816,0,0.3439471110658766,0.3806910254311165,0.7222222222222222,0.03802430384274929,0.2681661620924115,0.06796191078765963,pretax_income (missing; operating income used)
PH,Industrials,36,0.014827209100545675,0,0.233761818582617,0.24610462039682687,0.0,0.00027234808847625513,0.05898810511440031,0.07148558991615234,none of the three (rank gap under noise)
KRFT,Consumer Staples,28,0.014758963364030946,0,0.6867301231802911,0.6867301231802911,0.0,0.0,0.0,0.04649456483764528,none of the three (rank gap under noise)
HUM,Health Care,36,0.014650677147431932,0,0.21600542556798916,0.2278738555442523,0.0,0.0,0.07287870900572618,0.04430751576429822,none of the three (rank gap under noise)
STT,Financials,36,0.014458738805334012,0,0.13180881342624398,0.15197762292668565,0.0,0.0,0.1594792514239219,0.02126039544316283,interest add-back
VTR,Real Estate,36,0.014411591786772402,0,0.051671370099988664,0.08811426109390669,0.0,0.07797226228363613,0.8044375755143515,0.01497283926053094,interest add-back
ADM,Consumer Staples,35,0.013921524125843217,0,0.10022779043280182,0.12008517381400416,0.0,0.005946499187726303,0.20526838966202784,0.006558052120835809,interest add-back
ACN,Industrials,36,0.013789644105988782,0,0.8748248553582466,0.822688504019809,0.0,0.06489135965888035,0.004145893841884566,0.0446916474542057,none of the three (rank gap under noise)
JBHT,Industrials,6,0.013681357329359009,0,0.5019422626218013,0.5243810205367602,0.0,0.0,0.04470386254736595,0.07120090906470855,none of the three (rank gap under noise)
MNK,Health Care,17,0.013502761494227253,0,-0.07329568374344493,-0.05677692617991126,0.0,0.0019243992193170051,0.22686075254051086,0.04497953600171495,interest add-back
PDCO,Health Care,36,0.013396847583215424,0,0.22631648815849176,0.2485689735906528,0.0,0.0,0.1133449801785642,0.003924789070044024,interest add-back
GPS,Consumer Discretionary,36,0.013107155499512475,0,0.6748240026818639,0.6999664767013074,0.0,0.0,0.037257824143070044,0.03705323654881312,none of the three (rank gap under noise)
TAP,Consumer Staples,36,0.013048581696507707,0,0.07456157084175855,0.09666739978469481,0.0,0.005644417619677131,0.2822048211269768,0.02658270583814396,interest add-back
ROP,Information Technology,36,0.01253314118774028,0,0.18620716398127193,0.20451790615680232,0.0,0.0,0.09833532601018523,0.04346803676757459,none of the three (rank gap under noise)
BTU,Materials,20,0.012431356453365974,0,-0.04252889967175681,0.016758751452629003,0.0,0.4384714045763344,1.25417439703154,0.014766327947125232,interest add-back
HRB,Consumer Discretionary,36,0.012422081921502567,0,0.49283125683804363,0.5136773721868055,0.0,0.03305161671759596,0.07864343231139445,0.1811103036229274,equity
LLTC,Information Technology,36,0.012380526736611032,0,0.5386258183047699,0.5878595550703325,0.0,0.0,0.08866600735198074,0.07328124049029087,none of the three (rank gap under noise)
REGN,Health Care,33,0.011895480933628248,0,0.3327653697450989,0.36914287549633246,0.0,0.0,0.06509616462935965,0.1815684940523405,equity
OMC,Communication Services,36,0.011821956766861303,0,0.47954230235783635,0.49268955154877486,0.0,0.06504841489398878,0.11780516585813557,0.07396763112479175,interest add-back
WELL,Real Estate,36,0.011816968722242326,0,0.018033665730886883,0.029379101159896146,0.0,0.28523708106943374,0.0,0.08237964314667356,pretax_income
SBUX,Consumer Discretionary,36,0.011713348085505372,0,0.4030338618124878,0.4092581718535917,0.0,0.00043717971210960853,0.020284168222524605,0.09496360995390848,none of the three (rank gap under noise)
SNA,Industrials,36,0.011689236065285248,0,0.2553687364741135,0.28305865379279727,0.0,0.015172374417816685,0.10851063829787234,0.04097040764532295,interest add-back
AME,Information Technology,28,0.011271416859170654,0,0.24843860016835614,0.2731110789393995,0.0,0.0,0.10150732276022875,0.05325509130592465,interest add-back
FDO,Consumer Staples,30,0.011147915253277614,0,0.43194073999956223,0.4481303019595949,0.0,0.0,0.03778967313212981,0.03683678811283614,none of the three (rank gap under noise)
CCE,Consumer Staples,36,0.01079510660373064,0,0.3530701754385965,0.39824561403508774,0.0,0.0,0.12795031055900621,0.19811588939148175,equity
CPB,Consumer Staples,36,0.010762817516767338,0,0.7847165160230074,0.7969040247678019,0.0,0.08226262336910249,0.10472103004291845,0.05668502381235455,interest add-back
SWN,Energy,36,0.010634593222841144,0,0.3108108108108108,0.3234663234663235,0.0,0.0,0.03494187135672144,0.10548024344605603,equity
SHW,Consumer Discretionary,36,0.010463076991817572,0,0.6119676422274004,0.6473087315832035,0.0,0.0,0.0510281936631416,0.056725926805324255,none of the three (rank gap under noise)
AET,Health Care,36,0.010446341562861283,0,0.24166240868352368,0.26409622581580655,0.0,0.0005779659161007641,0.1056022629056337,0.05426634873266856,interest add-back
MRSH,Financials,36,0.010296921515545945,0,0.2567363003330306,0.2798970632758099,0.0,0.011213165399504104,0.08559712967708867,0.023649470553909493,none of the three (rank gap under noise)
CLF,Materials,15,0.010179302957999684,0,-0.10831696418934962,-0.09217087227750556,0.0,0.2487203931038594,0.0,0.19518271183374833,pretax_income
ESRX,Consumer Staples,35,0.01009585205078331,0,0.13876651982378854,0.16232243765283413,0.0,0.020659224102439463,0.202163738723462,0.020381010856034255,interest add-back
ROST,Consumer Discretionary,36,0.009983496740045663,0,0.6692117080538952,0.6692117080538952,0.0,0.0,0.0,0.059542191944226545,none of the three (rank gap under noise)
ZTS,Health Care,22,0.009961546811308846,0,0.6797596442540208,0.7834948147426847,0.0,0.003169105735278323,0.15345673363411932,0.1086713553051277,interest add-back
CAH,Health Care,36,0.009718684257104274,0,0.27194106342088403,0.28699551569506726,0.0,0.0011267606825906672,0.07384786229872294,0.04282601759223257,none of the three (rank gap under noise)
APTV,Consumer Discretionary,35,0.009396216102272361,0,0.5735607675906184,0.6076759061833689,0.0,0.04252728909675205,0.09741144414168937,0.01703038435596806,none of the three (rank gap under noise)
PLD,Real Estate,36,0.009389204882226186,0,0.02452469733045159,0.06046031998172583,0.05555555555555555,0.2905877801172087,0.8435975216499798,0.019967103954596936,interest add-back
ROK,Information Technology,36,0.009266418216074594,0,0.42669576012941574,0.4490049283322674,0.0,0.0,0.062085839535120806,0.03898607380856906,none of the three (rank gap under noise)
AVB,Real Estate,11,0.009228839849617868,0,0.07389852654175885,0.09656355204083832,0.0,0.035875869260491064,0.26065648293129945,0.005633528323970941,interest add-back
WFC,Financials,36,0.009139067685193063,0,0.18392680889833726,0.2104738692765655,0.0,0.01637992001867755,0.13285630207849333,0.029391137495488863,interest add-back
NBL,Energy,36,0.008952916534031732,0,0.1642044078469363,0.18595641646489103,0.0,0.04470823859173197,0.111660777385159,0.07205590789758105,interest add-back
PEP,Consumer Staples,36,0.008781288918233722,0,0.3704331534103582,0.40893072221974397,0.0,0.005151994909428112,0.10433884297520661,0.03353572755390511,interest add-back
IFF,Materials,36,0.008589821196211683,0,0.35507059531969687,0.388504878251901,0.0,0.0,0.09416235355141346,0.04714750626130145,none of the three (rank gap under noise)
GL,Financials,36,0.008557649728033105,0,0.17561453037815244,0.19407302421530997,0.0,0.0,0.1051080101254189,0.08964990866778294,interest add-back
GNW,Financials,34,0.008333051759227026,0,0.043054967648303806,0.05974481465803955,0.0,0.1720883805139256,0.5565610859728507,0.05224816386001069,interest add-back
UNH,Health Care,36,0.008306405896326545,0,0.2773025599552086,0.2978319698901988,0.0,0.0,0.07330085826954302,0.01567168530301605,none of the three (rank gap under noise)
BA,Industrials,36,0.008280677153780391,0,0.8236583958453548,0.8236583958453548,0.0,0.00016047500636229108,0.0,0.09166995829307573,none of the three (rank gap under noise)
XRAY,Health Care,36,0.00826251573111133,0,0.14971671093105532,0.17203981712302904,0.0,0.01087019007810526,0.13583163173136403,0.013525042450490795,interest add-back
AFL,Financials,36,0.0082017494352517,0,0.26924521216672925,0.28558017273751407,0.0,0.0,0.06083887043189369,0.06974042601575255,none of the three (rank gap under noise)
A,Health Care,36,0.008153538512931217,0,0.16250472947408248,0.18274687854710556,0.0,0.0,0.12456344586728754,0.0469342354926731,interest add-back
ORCL,Information Technology,19,0.008107129615973619,0,0.29233329066939717,0.3118307095012586,0.0,0.0,0.0666958552247519,0.01408608245225588,none of the three (rank gap under noise)
UHS,Health Care,16,0.007843539837636596,0,0.24884380020482094,0.2686473519692201,0.0,0.06631715403758875,0.15360442475638322,0.08361432612174102,interest add-back
XYL,Industrials,36,0.00783262671597905,0,0.1870781099324976,0.21359691417550628,0.0,0.0,0.14175257731958762,0.016529301951210506,interest add-back
FIS,Industrials,36,0.007793745804021007,0,0.12537041258263049,0.15210090418661196,0.0,0.037922903688370216,0.24753832730898667,0.006389991152635093,interest add-back
LIFE,Health Care,12,0.007706356465452628,0,0.11430506411249772,0.14102535720802695,0.0,0.0007631177676791802,0.23282183863773437,0.007055485263777751,interest add-back
BMC,Information Technology,8,0.007306570067348639,0,0.4446823199809563,0.48193989829027234,0.0,0.0,0.07783530361087718,0.4346689315693581,equity
DE,Industrials,36,0.007127452807003954,0,0.5341424925480722,0.6063336515420132,0.0,0.0019195465750510559,0.13867424084207008,0.08963262003455359,interest add-back
QRVO,Information Technology,7,0.007091986448002738,0,0.0196400222900427,0.01987021233857538,0.0,0.0,0.011720457600976567,0.0008146477706342281,none of the three (rank gap under noise)
HSP,Health Care,32,0.006909901536460816,0,-0.013775191504750633,0.026136699871782226,0.0,0.14472553936767518,0.8086303939962477,0.04385120232869373,interest add-back
NWSA,Communication Services,17,0.006504983197227371,0,-0.029978101638601526,-0.03413123914520879,0.0,0.1297458991450408,0.0,0.03082593409569037,pretax_income
MAT,Consumer Discretionary,36,0.006442582915445218,0,0.3081289345702246,0.33709330547589145,0.0,0.0,0.09400081477601596,0.04863484751778597,none of the three (rank gap under noise)
WU,Industrials,36,0.006217544331533166,0,0.8390513261518965,0.8390513261518965,0.0,0.0,0.0,0.028242330848405904,none of the three (rank gap under noise)
RTN,Industrials,36,0.006216524944330359,0,0.3131758530183727,0.3408923884514436,0.0,0.016903837130684,0.07266811279826464,0.05757832785538879,none of the three (rank gap under noise)
MTB,Financials,11,0.006088522380690189,0,0.12879988612095952,0.1515328112364112,0.0,0.0,0.1764980218546356,0.015476778965339048,interest add-back
CF,Materials,36,0.006076638588351835,0,0.47939751279184034,0.5121649554403442,0.0,0.010234107198580256,0.06858018294056685,0.02920831641531143,none of the three (rank gap under noise)
JOY,Industrials,33,0.006037717402768768,0,0.2673402209441818,0.2904513028233933,0.0,0.00029448546730729267,0.08676819402774069,0.035510865685772164,none of the three (rank gap under noise)
UNP,Industrials,36,0.0058922734553989225,0,0.3320612485276796,0.35684334511189636,0.0,0.0,0.0746311010215664,0.011710898449359795,none of the three (rank gap under noise)
LYB,Materials,23,0.005842250934270589,0,0.4003846770315756,0.42490783779451835,0.0,0.0006006607448591063,0.061886641297816944,0.10597546427552379,equity
VRTX,Health Care,28,0.00535817407237479,0,-0.6836008357162657,-0.5408377291443189,0.0,0.28562535106194603,0.0,0.1458966304878692,pretax_income
NYX,Financials,10,0.005231786727989571,0,0.07407407407407407,0.09345941686367218,0.0,0.03684056922107022,0.3090507726269316,0.036268416685947526,interest add-back
TJX,Consumer Discretionary,36,0.005117612779279551,0,0.8324794863316473,0.8324794863316473,0.0,0.0,0.0,0.01630626279645272,none of the three (rank gap under noise)
DNR,Energy,12,0.005068249272663294,0,0.12117162880941396,0.1477134556379949,0.0,0.0,0.21904324543105327,0.019231481924661526,interest add-back
PBCT,Financials,36,0.004873849798260727,0,0.07422730058663865,0.09957534366517819,0.0,0.0,0.31187598528638993,0.0166799552026503,interest add-back
APH,Information Technology,36,0.004626123221437576,0,0.3205161074734183,0.34504862016190396,0.0,0.0,0.07654065463939366,0.03528057896922625,none of the three (rank gap under noise)
GILD,Health Care,36,0.004338140391537703,0,0.3879786533220749,0.42867614226349415,0.0,0.004155112239021444,0.07262489584666926,0.1144558009694592,equity
HD,Consumer Discretionary,36,0.0041675994972733615,0,0.676169940904009,0.7329500079859448,0.0,0.0,0.08397307192630211,0.0810510724962291,none of the three (rank gap under noise)
AAL,Industrials,10,0.0041037039215274015,0,1.5893122216724394,2.028203859475507,0.0,0.0,0.2761519302615193,0.5872917378937486,equity
STX,Information Technology,36,0.00401131692164446,0,0.5494350282485876,0.6182909604519774,0.0,0.0,0.11687602403058438,0.15137998239119288,equity
IBM,Information Technology,36,0.003983207808152746,0,1.1612937433722164,1.1856309650053023,0.0,0.0,0.02095699022920281,0.06031979023352262,none of the three (rank gap under noise)
NBR,Energy,26,0.0038805773527716674,0,0.04620458881847033,0.07539434028564512,0.0,0.23326908289901477,1.2791083178244909,0.01092334180911534,interest add-back
WPX,Energy,12,0.0035948629967700978,0,-0.06529992406985573,-0.04403948367501898,0.0,0.02950066439669784,0.30538922155688625,0.019749354868433287,interest add-back
S,Communication Services,6,0.003354883626387223,0,-0.5886835050091718,-0.3871878086637505,0.0,0.0,0.3422818791946309,0.09046796432406624,interest add-back
HSY,Consumer Staples,35,0.003226963584813409,0,0.8975858073401684,0.8975858073401684,0.0,0.0,0.0,0.03867366602912478,none of the three (rank gap under noise)
APOL,Other,6,0.002982859816863396,0,0.7176548776468206,0.7728479132422353,0.0,0.057588586991272936,0.016641870350690754,0.1102566401482291,equity
JDSU,Information Technology,11,0.0026754168778425178,0,-0.041971505583365425,-0.01569118213323065,0.0,0.0,0.6261467889908257,0.015569348359453072,interest add-back
JCP,Consumer Discretionary,11,0.0026559364499503103,0,-0.48438978240302744,-0.413118889940082,0.0,0.0,0.14713541666666666,0.10112966615023009,interest add-back
KMB,Materials,36,0.0025053488518157196,0,0.6064662273476112,0.6906919275123559,0.0,0.04189442435513534,0.11278792692613185,0.06591693644612318,interest add-back
CRM,Information Technology,36,0.002380382412875846,0,-0.055139877625146,-0.04178659865474819,0.0,0.0,0.24217099394337763,0.10732933077637531,interest add-back
ABBV,Health Care,23,0.0023632171109858745,0,1.1869991095280499,1.1869991095280499,0.0,0.0,0.0,0.044625970168661315,none of the three (rank gap under noise)
LMT,Industrials,23,0.002353215532515064,0,0.8448556323708825,0.9223261488409923,0.0,0.007433195716396502,0.08361204013377926,0.07251384819341138,none of the three (rank gap under noise)
YUM,Consumer Discretionary,36,0.0017603630435859368,0,0.9224305106658048,0.9418228829993536,0.0,0.01725833822928071,0.0,0.0442510117621376,none of the three (rank gap under noise)
BSX,Health Care,36,0.0014546326270880579,0,-0.07882917763667338,-0.0453771101130556,0.0,0.0,0.4243614931237721,0.007048370144876508,interest add-back
AAP,Consumer Discretionary,6,0.001443008203595349,0,0.3901289722164528,0.42677960888945693,0.0,0.0,0.09394492407159512,0.1335692742503129,equity
JWN,Consumer Discretionary,19,0.001428934247577092,0,0.6194458964976477,0.7030841610036592,0.0,0.0,0.1350210970464135,0.021380795024950255,interest add-back
CL,Consumer Staples,36,0.0011220567493990005,0,1.7697578803106442,1.697121973503883,0.0,0.04604838425323166,0.0,0.3465006616299409,equity
MO,Consumer Staples,36,0.0008149558725417672,0,2.0445075757575757,2.0445075757575757,0.0,0.0,0.0,0.06485711568319659,none of the three (rank gap under noise)
MJN,Consumer Staples,35,0.0007406503597963862,0,2.995202193283071,2.9766963673749145,0.0,0.00974561043051352,0.0,0.39720628621686266,equity
PBI,Information Technology,35,0.00006321112515802632,0,5.465131834657555,6.424022199925879,0.0,0.035033419830751235,0.2133842398728083,0.39028165854691643,equity
MCO,Industrials,24,0.0,0,3.0640461157793863,3.0345413073019216,0.0,0.009657533372774252,0.0,0.16063840096376392,equity
ENDP,Health Care,10,0.0,0,-0.47402786895669746,-0.47295744364581305,0.0,0.0022607019402114885,0.0,0.7537822746944705,equity
BBWI,Consumer Discretionary,12,0.0,0,90.88888888888889,108.88888888888889,0.16666666666666666,0.0,0.1980440097799511,NaN,interest add-back
