ticker,sec_shares,yf_shares,ratio,sec_source,sec_cap,yf_cap,cap_ratio,flag
VMRK,374944409.0,773779120.0,0.48456258292418125,cover,24423878573.412094,51317031002.26135,0.47594099066907875,true
JCI,935500000.0,605741470.0,1.5443882354628948,balance_sheet,34491884000.7782,83446941579.76273,0.4133391032409396,false
ARES,313170171.0,227447653.0,1.3768889978389884,balance_sheet,34858970969.43439,29913916294.321213,1.165309504327654,false
MDLZ,1743809975.0,1276308057.0,1.3662923817145503,balance_sheet,65148741730.33714,79628858897.23338,0.818154908064376,false
PCG,2680110496.0,2202366906.0,1.2169227973315724,cover,35565067508.77722,29952190761.7363,1.18739453122779,false
ECHO,351622000.0,290490708.0,1.2104414713327079,weighted_average,30394206538.45215,27274172396.818542,1.1143951903008997,false
OMC,313100000.0,274345967.0,1.1412597145997048,balance_sheet,27405642617.79785,22241227460.966255,1.2322000962354813,false
SPGI,312872000.0,294800000.0,1.061302578018996,balance_sheet,136362131334.22852,123385594519.04297,1.1051705984460187,false
LLY,941357065.0,891741406.0,1.0556390660635087,cover,1088895939411.5698,1015051433746.9165,1.0727495210681757,false
CTSH,474000000.0,450444209.0,1.0522945806147548,balance_sheet,30610920867.91992,28873473109.576683,1.060174532926798,false
RDDT,202029721.0,192396510.0,1.0500695724678166,weighted_average,29862012567.773376,31241346233.236084,0.9558490964132876,false
FOXA,439000000.0,420437476.0,1.0441504981349474,weighted_average,29566649330.13916,28812579717.05066,1.0261715410592775,false
FOX,439000000.0,420437476.0,1.0441504981349474,weighted_average,26436580535.88867,25705547026.02533,1.02843874550202,false
C,1749319009.0,1677436783.0,1.042852420269122,cover,230245359422.98328,228433328823.02606,1.0079324265390408,false
PYPL,892000000.0,855460874.0,1.042712796237131,balance_sheet,46977180816.65039,46220549977.95624,1.016370009423406,false
NWS,558400000.0,536370159.0,1.0410720854438884,weighted_average,19214543914.79492,18161493911.114365,1.0579825651366774,false
NWSA,558400000.0,536370159.0,1.0410720854438884,weighted_average,17148463488.769531,16391471772.587431,1.0461820467792324,false
EXE,240759000.0,231503789.0,1.0399786588374154,weighted_average,23632904321.68579,21622454245.84675,1.0929797354629718,false
TKO,75870706.0,73111098.0,1.0377454049452246,weighted_average,13854749668.967804,14163081993.806946,0.9782298566813378,false
DDOG,371023000.0,359075024.0,1.033274316511638,weighted_average,87947289429.00085,82605210367.01001,1.0646700013020522,false
BF.B,472669000.0,458864265.0,1.0300845719594225,balance_sheet,12558815185.752869,12040598208.574305,1.0430391387704918,false
REGN,106000000.0,102954988.0,1.0295761483649535,weighted_average,84702481811.52344,81719491169.7002,1.0365028048893343,false
RL,61300000.0,59582239.0,1.0288300847505916,weighted_average,21264969625.854492,20343163425.376648,1.0453128248150412,false
KR,612647282.0,596000000.0,1.0279316812080537,cover,35251725167.17534,36302359909.05762,0.9710587756687372,false
HCA,222530900.0,216501500.0,1.0278492296820114,balance_sheet,92227934221.44165,92119221120.72754,1.0011801348230207,false
CVNA,739960000.0,719916415.0,1.02784154463265,weighted_average,54357460922.54639,51020478308.35949,1.0654047693167186,false
PNR,163700000.0,159600000.0,1.0256892230576442,weighted_average,9897301850.128174,8966328048.706055,1.1038299955528026,false
COO,195030630.0,190155294.0,1.0256387076975095,cover,13669696142.476501,10310220272.803162,1.3258393885662307,false
INTU,273537000.0,267236000.0,1.0235784100944483,cover,98281840760.9253,90633087768.9209,1.0843925014615605,false
MAS,201700000.0,197187430.0,1.0228846737340205,balance_sheet,14554672738.64746,13686780238.421936,1.0634110057374306,false
WDAY,246307000.0,241000000.0,1.0220207468879667,weighted_average,48633316398.33069,46804611618.04199,1.039071038452625,false
F,4071000000.0,3987595667.0,1.0209159453377448,weighted_average,56749738291.74042,55268074575.58768,1.0268086725931864,false
DELL,649000000.0,635812750.0,1.0207407762741467,balance_sheet,295950496337.8906,339702054697.32666,0.8712060826408056,false
CHTR,121255667.0,119277493.0,1.0165846376398942,weighted_average,18484214173.514343,17098429349.562042,1.0810474924696984,false
UHS,59910000.0,58936515.0,1.0165175188929987,weighted_average,10204470409.698486,10210751223.75,0.9993848822761537,false
AOS,137862584.0,135908573.0,1.0143773932495046,weighted_average,8151814739.173126,7798434063.906017,1.0453143121261592,false
HOOD,912000000.0,899082273.0,1.014367680676093,weighted_average,95586717773.4375,102792077918.35881,0.9299035461600059,false
IQV,166900000.0,164600000.0,1.013973268529769,balance_sheet,43592611407.4707,43729284210.20508,0.9968745703204883,false
DASH,439345000.0,433295654.0,1.0139612431930831,weighted_average,101813812713.39417,88192994506.07053,1.154443312460448,false
XYZ,608847000.0,600795000.0,1.0134022420293112,weighted_average,49937628896.14105,47757193266.563416,1.0456566954721822,false
LII,35000000.0,34560675.0,1.0127117019560528,weighted_average,13392400512.695312,12632272656.756592,1.060173483948049,false
ABNB,597000000.0,589585682.0,1.0125754716004112,weighted_average,109382340728.75977,100612793034.75458,1.087161358207956,false
ARE,174247570.0,172095277.0,1.0125064036475562,cover,8937158024.828415,8942070435.362068,0.9994506405905474,false
FTV,305600000.0,302017052.0,1.011863396375381,balance_sheet,17981504046.63086,16668320685.122696,1.0787831831601515,false
GEHC,457000000.0,451686252.0,1.0117642455940856,weighted_average,32552111534.118652,29020841691.0,1.1216804764216668,false
LYV,235633860.0,232959505.0,1.011479913644219,cover,42388174931.580505,39950226792.13478,1.0610246382863011,false
UDR,324915653.0,321264222.0,1.0113658190048938,cover,12005633626.24097,11363115188.99279,1.0565442157860525,false
PFG,216449333.0,214104641.0,1.010951149816505,balance_sheet,23844059315.94113,25028832859.597755,0.9526636519448288,false
ABT,1747073000.0,1730383296.0,1.0096450907949588,weighted_average,192806977346.32874,178385207647.7871,1.080846219755041,false
HSY,202839656.0,200925657.0,1.0095259063903421,balance_sheet,35742377145.59851,34896766636.136536,1.02423177248136,false
TSN,355000000.0,351801512.0,1.0090917403447657,weighted_average,19574699783.325195,18701768324.23935,1.046676412837092,false
EL,364800000.0,361798567.0,1.0082958675731848,weighted_average,37319041113.28125,35535855692.38864,1.0501798925662158,false
XOM,4144947162.0,4111911960.0,1.0080340246389905,cover,667129233074.5251,678794433885.9357,0.9828148254772361,false
MA,883000000.0,876009940.0,1.007979430005098,weighted_average,520360727844.2383,503197614763.927,1.0341080970512218,false
HUBB,53253805.0,52832571.0,1.0079729983233259,balance_sheet,24123973665.0,23372073016.951538,1.0321709010365967,false
WELL,726255000.0,720572011.0,1.007886774553057,weighted_average,171570485189.43787,168765175534.13477,1.0166225623646845,false
CARR,830580423.0,824325057.0,1.0075884700421038,cover,48356393240.95212,47200851380.21776,1.0244813774952088,false
VLTO,245600000.0,243793344.0,1.007410604286227,balance_sheet,24208791925.04883,23477299771.198242,1.0311574227436484,false
META,2566000000.0,2547506225.0,1.0072595602784051,weighted_average,1468624508911.1328,1695620081165.024,0.8661282826410458,false
CVX,1975771274.0,1961603274.0,1.0072226633120924,cover,407285489216.44495,416193363052.7771,0.9785967902731727,false
CB,388495580.0,385799859.0,1.006987356104762,balance_sheet,131544605759.18884,131885684153.88547,0.997413833071536,false
TAP,187700000.0,186453933.0,1.0066829751453943,weighted_average,7462951684.951782,7286620043.047348,1.024199373764889,false
VRSK,131016125.0,130156012.0,1.0066083232482568,balance_sheet,25388304542.568207,24343078765.47815,1.0429372877260017,false
URI,62646557.0,62242489.0,1.006491835504843,cover,65027126166.0,61856584808.40399,1.0512563273161057,false
CMCSA,3570000000.0,3548636573.0,1.0060201788942111,weighted_average,95033402996.06323,88290074958.10567,1.076376965827216,false
ACN,615593409.0,611942109.0,1.0059667408833275,weighted_average,116815001910.28441,119328711255.0,0.9789345806363071,false
VMC,130300000.0,129578739.0,1.0055661986338669,balance_sheet,35126272250.36621,32464656399.085556,1.0819850306918888,false
V,1877123368.0,1867047259.0,1.0053968151858121,cover,39541604749.41203,700665493078.4095,0.056434354395967154,false
NXPI,253525000.0,252164174.0,1.0053965873835828,weighted_average,56951855845.26062,56542771658.65842,1.0072349510751222,false
PPG,223426948.0,222300000.0,1.0050694916779128,balance_sheet,25061800348.05304,23397075000.0,1.0711510027665014,false
BBY,210767126.0,209727698.0,1.0049560835784312,cover,16892985470.505112,19888477985.362885,0.8493855328164209,false
CME,361282000.0,359579263.0,1.0047353592801596,weighted_average,103146011000.0,100847597028.40329,1.022790964180826,false
DRI,114077969.0,113541756.0,1.0047226061925623,cover,24442345011.291,24816822440.52466,0.984910339342149,false
ROST,320781076.0,319453110.0,1.0041569981898126,cover,73311304955.35846,73486991279.63425,0.9976092867429113,false
KEYS,170895368.0,170244745.0,1.0038216921174277,cover,55147937339.7251,53620283430.471954,1.0284902244359453,false
HBAN,2027130587.0,2020414826.0,1.0033239515536994,balance_sheet,33832810579.63453,33882357556.89251,0.9985376762176367,false
MAA,116384802.0,116021957.0,1.003127382173014,cover,14996182448.056458,14572357622.164543,1.0290841631039358,false
KO,4314000000.0,4302549243.0,1.0026613889471758,weighted_average,382522372100.8301,384432768296.88086,0.9950306104120253,false
DECK,136414227.0,136181857.0,1.0017063212759685,cover,11878951136.94191,10968086887.458214,1.083046775506971,false
A,282431944.0,281965813.0,1.001653147220369,cover,43370248631.10889,41392582208.89137,1.047778280954714,false
WBD,2510703314.0,2507136702.0,1.0014225837774042,cover,71630367272.38315,70450542282.59676,1.0167468546239684,false
SPG,324018022.0,323559515.0,1.0014170716011859,weighted_average,68795508804.21887,66319994184.52011,1.037326822026118,false
HRL,551074000.0,550350800.0,1.0013140709525634,weighted_average,12040967110.218048,11535352264.138794,1.0438317646918434,false
MKC,269200000.0,268851552.0,1.001296060957833,weighted_average,14596024328.613281,13547429541.186035,1.0774017524312915,false
CASY,37004914.0,36960167.0,1.001210681759095,cover,27835467173.036255,22974808867.461304,1.2115646895526078,false
PG,2324433060.0,2322672312.0,1.0007580699140826,cover,337321714317.4292,339412116293.7334,0.9938411097425434,false
MDT,1280045190.0,1279137890.0,1.0007093058591205,cover,116036098426.69395,119983137985.61905,0.9671033811484562,false
WAT,98248111.0,98185855.0,1.0006340628189263,cover,40736614743.657104,40257183367.39624,1.0119092131182021,false
LOW,561054019.0,560707041.0,1.0006188222630148,cover,114847755977.09901,111115313288.28474,1.033590713812151,false
PGR,581371770.0,581100000.0,1.0004676819824472,cover,126785556666.1235,128434724482.72705,0.9871594864765304,false
BLK,154926181.0,154869259.0,1.000367548733477,cover,179034241755.98352,165028678609.41223,1.0848674500976856,false
TRMB,233179848.0,233111519.0,1.0002931172182872,cover,13976799768.89621,13692971017.329945,1.0207280619528845,false
GRMN,192903000.0,192852536.0,1.0002616714358374,balance_sheet,54805668504.27246,54071994985.34277,1.013568456631359,false
UPS,851000000.0,850781582.0,1.0002567262910025,weighted_average,88699732856.75049,87171080112.8062,1.0175362372700452,false
TTD,469948000.0,469880194.0,1.0001443048693386,weighted_average,6447686685.489655,7034106629.651548,0.916631922852875,false
NOW,1034000000.0,1033862000.0,1.0001334800969568,cover,153021665679.93164,147170262010.19287,1.039759415997598,false
MCO,173200000.0,173180984.0,1.0001098042034453,cover,87403650537.10938,82768386414.70459,1.0560028330041396,false
UAL,324583772.0,324569728.0,1.0000432695929056,cover,35051800844.89426,35365117265.72754,0.9911405236273055,false
FANG,280024353.0,280019792.0,1.000016288134376,cover,56139281093.04689,57605671952.061035,0.9745443320193459,false
GOOG,12230000000.0,12229934831.0,1.0000053286465465,balance_sheet,4102064344787.5977,4228010665921.1724,0.9702114466860896,false
GOOGL,12230000000.0,12229934831.0,1.0000053286465465,balance_sheet,4150250574645.996,4273017109752.526,0.971269355597399,false
ITW,284800000.0,284800000.0,1.0,cover,78425374609.375,76622594433.59375,1.023528049253718,false
AXP,675309833.0,675309833.0,1.0,cover,222967056629.49106,221353056236.38718,1.0072915207069935,false
CMI,137664487.0,137664487.0,1.0,cover,77697839823.74939,74490250554.75061,1.0430605246339075,false
CMS,313577136.0,313577136.0,1.0,cover,21342059110.59082,20953224131.823853,1.0185572862830405,false
CNC,493995000.0,493995000.0,1.0,cover,31783636490.93628,34288194759.06372,0.926955668394721,false
ZTS,413223602.0,413223602.0,1.0,cover,31859539083.670822,30442182002.704987,1.0465589845313945,false
COF,613484836.0,613484836.0,1.0,cover,131598628800.38715,126795041411.18286,1.0378846628049654,false
COHR,195832246.0,195832246.0,1.0,cover,54408070276.59662,52189293559.0,1.0425140209090642,false
ZBRA,47310660.0,47310660.0,1.0,cover,16726683265.477295,16644363179.095459,1.0049458237299957,false
ZBH,190737689.0,190737689.0,1.0,cover,19081398582.18557,18413816670.68557,1.0362544019764668,false
COR,190827165.0,190827165.0,1.0,cover,61751671758.71658,62253548134.43985,0.9919381884123386,false
COST,443478804.0,443478804.0,1.0,cover,418595214803.83154,407517095873.80884,1.027184427456396,false
CPAY,65659599.0,65659599.0,1.0,cover,26546175074.191223,27088524003.138245,0.9799786459799659,false
CPRT,925811482.0,925811482.0,1.0,cover,30542522345.123833,29375997900.057137,1.0397101214752071,false
YUM,272901085.0,272901085.0,1.0,cover,41838464675.087585,39933616267.74681,1.0477003734039299,false
CRH,665284511.0,665284511.0,1.0,cover,62729677151.27616,59197018022.095924,1.0596763020708515,false
CRL,47738872.0,47738872.0,1.0,cover,13760251999.080078,13037962632.620117,1.0553989443605891,false
CRM,823000000.0,823000000.0,1.0,cover,211955427032.4707,213510883972.16797,0.9927148587895874,false
CRWD,1023934842.0,1023934842.0,1.0,cover,236528948502.0,241013788109.64185,0.9813917716375562,false
ABBV,1767117285.0,1767117285.0,1.0,cover,453124237948.08154,462578272280.3197,0.9795623035089096,false
CSGP,405197588.0,405197588.0,1.0,cover,12994686523.50351,12771828159.244736,1.0174492141203342,false
CSX,1852474917.0,1852474917.0,1.0,cover,93568504948.35236,90604547907.80476,1.0327131155001577,false
CTAS,400169561.0,400169561.0,1.0,cover,80750213027.50471,80362054170.9494,1.0048301261156118,false
CTVA,667196000.0,667196000.0,1.0,cover,56464795647.491455,55070358450.83618,1.0253210118089235,false
CVS,1278970369.0,1278970369.0,1.0,cover,120108112036.51938,122205622661.05782,0.982836218343603,false
XYL,233486812.0,233486812.0,1.0,cover,25709233011.82904,25097496923.09836,1.024374386442007,false
DAL,657623030.0,657623030.0,1.0,cover,51294596340.0,52478319800.90622,0.9774435716425933,false
DD,135042975.0,135042975.0,1.0,cover,18175433510.707855,16784491486.385536,1.0828706681671327,false
DE,269625412.0,269625412.0,1.0,cover,176580371332.00317,183738939185.9065,0.9610394623718802,false
BSX,1449229526.0,1449229526.0,1.0,cover,69997785000.12561,65287789040.62562,1.0721420655946732,false
ACGL,341229126.0,341229126.0,1.0,cover,33464340282.685135,33423391850.35135,1.0012251429333423,false
DG,220616790.0,220616790.0,1.0,cover,27963178132.5,28497070360.338593,0.9812650135228761,false
DGX,110373360.0,110373360.0,1.0,cover,26522718744.832764,26256718543.033447,1.0101307481117017,false
DHI,279701267.0,279701267.0,1.0,cover,40433614474.65558,38993154656.76663,1.0369413511312038,false
DHR,702986054.0,702986054.0,1.0,cover,150129699975.96545,142881915475.5,1.0507256952452337,false
DIS,1726686902.0,1726686902.0,1.0,cover,185705181579.53024,187500924364.8637,0.9904227523602013,false
XEL,624634306.0,624634306.0,1.0,cover,47278572146.1261,46322882420.43915,1.020631050481981,false
DLTR,187630299.0,187630299.0,1.0,cover,23752118863.287323,22359902388.26866,1.0622639782072172,false
DOC,689527260.0,689527260.0,1.0,cover,14355957342.77298,14045670864.874306,1.0220912536598479,false
DOV,134680225.0,134680225.0,1.0,cover,26158939526.334,25474763736.727142,1.0268570023525077,false
WYNN,102973891.0,102973891.0,1.0,cover,9399456644.77945,9036988894.135963,1.0401093500157657,false
DPZ,33081735.0,33081735.0,1.0,cover,11315938193.334045,10710872977.503204,1.0564907470289024,false
CL,797172829.0,797172829.0,1.0,cover,71602063257.50217,70063519454.25432,1.0219592708906435,false
WTW,92871937.0,92871937.0,1.0,cover,31441793137.659363,30063573932.686554,1.0458434917970396,false
WST,70375762.0,70375762.0,1.0,cover,24005875144.92505,24997471521.479126,0.9603321329638461,false
DVA,63800000.0,63800000.0,1.0,cover,11229437649.536133,12078616467.285156,0.929695688239707,false
DVN,1100000000.0,1100000000.0,1.0,cover,53360998153.68652,54702999496.45996,0.9754674998605829,false
DXCM,377360765.0,377360765.0,1.0,cover,34362470339.60907,31954909695.361366,1.075342433047063,false
EBAY,445000000.0,445000000.0,1.0,cover,46084198913.57422,48500549049.37744,0.9501789117202945,false
CINF,153478045.0,153478045.0,1.0,cover,26075918908.744354,26401293956.628952,0.9876757916328226,false
ECL,280328603.0,280328603.0,1.0,cover,79389063791.58002,77233336150.11401,1.0279118803993659,false
WSM,117779173.0,117779173.0,1.0,cover,26883096237.25,27022074798.749573,0.9948568508327124,false
EFX,117484896.0,117484896.0,1.0,cover,22223443357.60254,20241471943.06201,1.0979163679457546,false
EG,38342734.0,38342734.0,1.0,cover,14365105059.074524,14552601589.995667,0.9871159441999677,false
WRB,371227529.0,371227529.0,1.0,cover,25080130952.92279,26308895999.83686,0.9532946936685717,false
WMT,7933746241.0,7933746241.0,1.0,cover,832011990084.3549,865413054495.4032,0.9614044828217625,false
ELV,216869290.0,216869290.0,1.0,cover,85129872949.73114,92004625471.73584,0.9252781858873318,false
EME,44109901.0,44109901.0,1.0,cover,32400485711.32831,33069193318.15094,0.9797785328360098,false
EMR,557800000.0,557800000.0,1.0,cover,85031033361.8164,82721741702.27051,1.0279163810145273,false
EOG,524529176.0,524529176.0,1.0,cover,76035752874.57922,77913560281.42078,0.9758988371207915,false
EQIX,98671686.0,98671686.0,1.0,cover,103281624279.14795,98545383351.14795,1.0480615201538492,false
EQT,625516000.0,625516000.0,1.0,cover,33890457070.892334,33283705787.322998,1.018229679334578,false
ES,376674754.0,376674754.0,1.0,cover,26419967015.655975,25738186630.532074,1.0264890605896506,false
ESS,64268439.0,64268439.0,1.0,cover,18185396950.27121,17720737391.54416,1.0262212315695607,false
ETN,388400000.0,388400000.0,1.0,cover,156090193896.48438,152703345422.36328,1.022179268337268,false
WMB,1223167472.0,1223167472.0,1.0,cover,91798722506.41089,88006895877.58911,1.0430855626824507,false
WM,399715184.0,399715184.0,1.0,cover,87505647349.37964,87173883014.75928,1.0038057767205826,false
EW,576400000.0,576400000.0,1.0,cover,52308300000.0,49293726065.06348,1.0611553269671183,false
WFC,3023999336.0,3023999336.0,1.0,cover,261243300791.33728,268258978328.00592,0.9738473709979972,false
CI,264240486.0,264240486.0,1.0,cover,72951509826.72894,76642949738.70813,0.951835884128102,false
EXPD,129990622.0,129990622.0,1.0,cover,24652720668.900208,25167484404.75998,0.9795464764145274,false
ADBE,397500000.0,397500000.0,1.0,cover,116384028396.60645,105576002426.14746,1.1023719947913297,false
EXR,211269558.0,211269558.0,1.0,cover,29810135923.28705,29450975095.71295,1.0121952100535503,false
CHRW,116851258.0,116851258.0,1.0,cover,17487959700.202087,18381871110.69861,0.9513699445984992,false
CHD,237203907.0,237203907.0,1.0,cover,23668205550.90445,22434745958.393326,1.054979877855477,false
FAST,1147497573.0,1147497573.0,1.0,cover,56583106900.4781,56732278433.2719,0.9973706056426194,false
FCX,1436017523.0,1436017523.0,1.0,cover,108763964124.35562,99573449785.96677,1.092298844301808,false
FDS,35565543.0,35565543.0,1.0,cover,11151575573.500305,9849165562.500183,1.13223556886473,false
WEC,325849383.0,325849383.0,1.0,cover,34595428396.46196,34269579013.46196,1.0095084151127738,false
WDC,360540944.0,360540944.0,1.0,cover,162441717918.06543,153929351511.5869,1.0553004759838656,false
FERG,193452717.0,193452717.0,1.0,cover,43432068431.00249,43006473043.97333,1.0098960774252284,false
FFIV,56627182.0,56627182.0,1.0,cover,23054624884.159912,23301518568.180176,0.9894043951127969,false
FICO,21597635.0,21597635.0,1.0,cover,24777022004.692383,21630031452.5,1.1454917233524713,false
FIS,515705917.0,515705917.0,1.0,cover,21025330472.161434,19689652068.440956,1.0678365671002046,false
FISV,531766721.0,531766721.0,1.0,cover,28348484626.78046,27114785996.342785,1.045499109991282,false
FITB,906892564.0,906892564.0,1.0,cover,48763613581.42247,49316818598.98576,0.9887826296732233,false
FIX,35194329.0,35194329.0,1.0,cover,54397058617.13269,55705585659.673096,0.9765099491003523,false
FLEX,369402978.0,369402978.0,1.0,cover,40357275346.5,40013730464.22716,1.0085856749242608,false
CFG,421176788.0,421176788.0,1.0,cover,29006446546.356598,29709811011.118866,0.976325515349154,false
CF,151338130.0,151338130.0,1.0,cover,19678496859.16107,19861617012.525177,0.990780199152535,false
ADI,484565465.0,484565465.0,1.0,cover,175480544593.22693,174937818850.7048,1.0031023923019486,false
FSLR,107469788.0,107469788.0,1.0,cover,21698149541.25647,22250544185.982117,0.9751738815865162,false
FTNT,733713653.0,733713653.0,1.0,cover,125413669333.4107,124863384093.6607,1.0044070985561087,false
CEG,354307379.0,354307379.0,1.0,cover,97353034635.29288,93739105857.05475,1.0385530536609673,false
ADM,481959583.0,481959583.0,1.0,cover,39178494943.31718,41660587531.17914,0.9404210853722516,false
GDDY,126647704.0,126647704.0,1.0,cover,12396276919.671692,13230885791.479248,0.9369196526248418,false
GE,1037562513.0,1037562513.0,1.0,cover,348320102373.33936,329488349095.1684,1.057154534689576,false
CDW,125017426.0,125017426.0,1.0,cover,18950141661.993744,18965143142.677094,0.9992089972340049,false
GEN,598587032.0,598587032.0,1.0,cover,18556197992.0,18801618583.782867,0.9869468370135669,false
GEV,266333581.0,266333581.0,1.0,cover,239308720338.67163,232977965916.47388,1.0271731895215679,false
GILD,1239955155.0,1239955155.0,1.0,cover,181455032841.8486,181541838784.4014,0.9995218405678049,false
GIS,533708396.0,533708396.0,1.0,cover,21988786322.38719,19464345853.619507,1.129695623359377,false
GL,76849447.0,76849447.0,1.0,cover,13269593872.77446,13288806234.52446,0.9985542447221417,false
GLW,861388331.0,861388331.0,1.0,cover,128114282789.382,123695369589.09714,1.0357241602087777,false
ADP,397262737.0,397262737.0,1.0,cover,113680706274.7396,109894792876.06946,1.0344503438205628,false
GNRC,59006361.0,59006361.0,1.0,cover,10938599490.296997,10442945517.677628,1.0474630430447363,false
WAB,168910851.0,168910851.0,1.0,cover,48296678389.28998,47028161403.51004,1.0269735611157713,false
CCL,1369649119.0,1369649119.0,1.0,cover,32720916616.94252,30899283393.168457,1.0589538987229978,false
GPC,137859758.0,137859758.0,1.0,cover,18703433115.431244,18364299288.752106,1.0184670169738985,false
GPN,264618390.0,264618390.0,1.0,cover,24093505217.05124,23865933240.14099,1.0095354317227154,false
CCI,425455439.0,425455439.0,1.0,cover,32394176865.782608,31556029131.597824,1.026560621131685,false
GS,291171408.0,291171408.0,1.0,cover,298712754575.87695,287808381791.9385,1.0378876136825697,false
GWW,47100942.0,47100942.0,1.0,cover,61678212079.60986,60171924874.39014,1.025033056668274,false
HAL,833130367.0,833130367.0,1.0,cover,30700852752.693947,29167892750.28834,1.0525564193316794,false
HAS,141044467.0,141044467.0,1.0,cover,13272284129.483223,12801196126.223488,1.0368003113626783,false
CBRE,289575298.0,289575298.0,1.0,cover,42222973494.40906,40801157720.772644,1.0348474370106546,false
CBOE,104431019.0,104431019.0,1.0,cover,31350193178.592712,29710624905.5,1.0551845771776143,false
HD,997689626.0,997689626.0,1.0,cover,327072576694.8687,310151769163.0886,1.054556540423545,false
HIG,270872002.0,270872002.0,1.0,cover,37212396957.3772,37269277763.2171,0.9984737883518622,false
HII,39404598.0,39404598.0,1.0,cover,11474619418.61316,11033681870.790527,1.0399628657945927,false
HLT,225064910.0,225064910.0,1.0,cover,71183529460.06256,69905162419.6872,1.0182871621512082,false
HON,316940010.0,316940010.0,1.0,cover,67676199948.41034,63825380761.35864,1.0603336657159916,false
CAT,459674889.0,459674889.0,1.0,cover,366576920263.79224,360385112976.0,1.0171810850805165,false
VZ,4154775202.0,4154775202.0,1.0,cover,207821857505.94516,213098423914.39032,0.9752388294970922,false
HPQ,901790969.0,901790969.0,1.0,cover,27071765302.187145,30678929178.187145,0.8824221062264224,false
CAH,232575728.0,232575728.0,1.0,cover,54566916167.73633,54629712607.96704,0.9988505075858379,false
HSIC,111446542.0,111446542.0,1.0,cover,10007899811.707855,9910941014.070786,1.0097830062250814,false
HST,685124399.0,685124399.0,1.0,cover,15024778279.153374,15326233380.609278,0.9803307770428901,false
BXP,159661556.0,159661556.0,1.0,cover,10855388851.36612,10298170362.0,1.0541084940119307,false
BX,750625114.0,750625114.0,1.0,cover,107519545452.6669,96297690835.46268,1.1165329565002575,false
HWM,398801399.0,398801399.0,1.0,cover,97686401468.00471,90579763702.14246,1.0784572345455805,false
VTRS,1148590864.0,1148590864.0,1.0,cover,18963235427.531586,19135523618.978943,0.9909964213743031,false
IBM,942134390.0,942134390.0,1.0,cover,220336965189.03442,234676251754.90082,0.9388975814184959,false
ICE,561394487.0,561394487.0,1.0,cover,90216092347.65999,88559980324.25,1.0187004560902833,false
IDXX,78781116.0,78781116.0,1.0,cover,43856659658.37671,40143705276.62329,1.0924915713726,false
IEX,73719896.0,73719896.0,1.0,cover,16855316976.444946,16376137652.444946,1.0292608265862042,false
IFF,255149963.0,255149963.0,1.0,cover,22027096772.983536,21287161490.95559,1.0347596969348087,false
VTR,512946359.0,512946359.0,1.0,cover,46765318610.797165,45703519804.20597,1.0232323202050946,false
VST,335635195.0,335635195.0,1.0,cover,46106205098.306274,47233939558.36174,0.9761244886494795,false
APA,350351510.0,350351510.0,1.0,cover,15117668191.093979,15776328067.624817,0.9582501153812528,false
INVH,590623226.0,590623226.0,1.0,cover,17210760445.15219,16295294895.461952,1.056179747317441,false
IP,529569895.0,529569895.0,1.0,cover,20086586278.961906,18137768903.75,1.1074452643846944,false
BRO,334610357.0,334610357.0,1.0,cover,24148828852.000137,22863926306.499863,1.056197808210001,false
IR,387999429.0,387999429.0,1.0,cover,29895357188.53029,27986397748.09774,1.0682102590556621,false
IRM,297702812.0,297702812.0,1.0,cover,34340018909.94156,33360576385.906494,1.0293592806282819,false
VRTX,253460924.0,253460924.0,1.0,cover,138014547286.88867,131675487102.44434,1.0481415358616635,false
IT,63148976.0,63148976.0,1.0,cover,12510443673.903076,12444769162.836914,1.0052772783654582,false
BR,114021798.0,114021798.0,1.0,cover,20795296075.98706,19884261283.626617,1.0458168789559519,false
IVZ,441499780.0,441499780.0,1.0,cover,14472362249.459839,13911658168.85128,1.0403046188889256,false
J,117038611.0,117038611.0,1.0,cover,17444605326.723495,16861753543.98639,1.03456649874621,false
JBHT,93914939.0,93914939.0,1.0,cover,24931598970.97226,25825668158.471924,0.9653805980153752,false
JBL,104787089.0,104787089.0,1.0,cover,31987307811.451416,31301999353.993927,1.0218934404063889,false
BNY,678504142.0,678504142.0,1.0,cover,109429147193.50787,106972965512.47638,1.0229607702213792,false
JKHY,70112608.0,70112608.0,1.0,cover,11772608266.04004,11537029860.3667,1.020419328763517,false
JNJ,2409898597.0,2409898597.0,1.0,cover,640671556721.3037,641804212003.6646,0.9982352012324369,false
JPM,2658186195.0,2658186195.0,1.0,cover,946367419940.1942,930710745434.7748,1.0168222775789544,false
KDP,1360826038.0,1360826038.0,1.0,cover,43355918401.2623,42974886176.21721,1.0088663928854327,false
KEY,1067128554.0,1067128554.0,1.0,cover,23060648703.26358,23402129514.88179,0.9854081308540295,false
BMY,2042714656.0,2042714656.0,1.0,cover,136473761180.26367,130938006332.6648,1.0422776778312524,false
KHC,1185823758.0,1185823758.0,1.0,cover,30440095958.331173,29171264446.800003,1.0434959380607294,false
KIM,670789373.0,670789373.0,1.0,cover,15904415419.703987,15575728780.46549,1.0211024886136129,false
KKR,897635601.0,897635601.0,1.0,cover,98488579237.46658,91801189900.96689,1.072846434166201,false
KLAC,1306546783.0,1306546783.0,1.0,cover,229233629090.08563,220923990752.75278,1.0376131098710442,false
KMB,332579038.0,332579038.0,1.0,cover,35901906137.14932,32955255657.479187,1.0894136738096096,false
KMI,2226802089.0,2226802089.0,1.0,cover,71792103086.97337,68941790636.74179,1.041343754258575,false
BLDR,107596457.0,107596457.0,1.0,cover,7144404908.979164,6481610750.277081,1.1022576307399747,false
BKR,992674071.0,992674071.0,1.0,cover,63084436454.69978,56364032539.61966,1.1192321346127283,false
KVUE,1920773467.0,1920773467.0,1.0,cover,36264201444.98276,34401052500.883224,1.0541596494482748,false
L,204427720.0,204427720.0,1.0,cover,22137477985.959167,22323506400.13611,0.9916667027642303,false
LDOS,125492209.0,125492209.0,1.0,cover,17595263466.428024,16669130351.253098,1.0555597740049651,false
VRT,384988173.0,384988173.0,1.0,cover,99604140588.51627,91392342153.49187,1.089852149989031,false
LH,81100000.0,81100000.0,1.0,cover,26978726296.99707,25571640802.001953,1.0550252330654104,false
LHX,186214616.0,186214616.0,1.0,cover,49579641510.0,46354402997.00342,1.0695778244238219,false
BKNG,751380500.0,751380500.0,1.0,cover,149592340993.36243,131754575261.06262,1.1353863097122472,false
LIN,460980163.0,460980163.0,1.0,cover,225686662011.62082,214083799186.98978,1.0541977621319052,false
LITE,89700000.0,89700000.0,1.0,cover,82053972875.97656,74902193627.92969,1.0954815727236606,false
ADSK,209000000.0,209000000.0,1.0,cover,54032769744.87305,47846368469.23828,1.129297195869989,false
LMT,230790753.0,230790753.0,1.0,cover,129526689798.5581,122176009950.04797,1.0601646743212148,false
AEE,276843251.0,276843251.0,1.0,cover,29348153629.910988,28783393144.41342,1.019621053107395,false
AES,713438630.0,713438630.0,1.0,cover,10516085242.906857,10558891860.07762,0.9959459176457132,false
LRCX,1251321000.0,1251321000.0,1.0,cover,377260756070.06836,342223768070.06836,1.102380346629888,false
VLO,287927461.0,287927461.0,1.0,cover,103342928168.33347,110261824704.68951,0.9372502989598921,false
LUV,489208201.0,489208201.0,1.0,cover,18849191387.35202,19333508327.461742,0.9749493505313886,false
LVS,647701184.0,647701184.0,1.0,cover,28375789760.522217,27462531189.913574,1.0332547121856002,false
LYB,323037952.0,323037952.0,1.0,cover,21023310507.660156,20270631488.0,1.03713150328374,false
BEN,508076910.0,508076910.0,1.0,cover,17350827251.76384,17005334797.911072,1.0203167099006607,false
BDX,272386800.0,272386800.0,1.0,cover,51238681114.25171,49822270585.510254,1.0284292649069549,false
BAX,516995999.0,516995999.0,1.0,cover,13441895974.0,12335524851.689316,1.0896898296272468,false
MAR,260766288.0,260766288.0,1.0,cover,89119489133.42578,88780488184.25244,1.003818417268328,false
BALL,264703357.0,264703357.0,1.0,cover,16668370713.414215,16070140561.126839,1.0372261928893438,false
MCD,707641531.0,707641531.0,1.0,cover,186491855126.4816,182210610906.62817,1.0234961301021448,false
MCHP,543008691.0,543008691.0,1.0,cover,39883986696.818985,38814263055.52412,1.0275600657357482,false
MCK,116590363.0,116590363.0,1.0,cover,103219781025.09332,106207992598.0722,0.9718645320386827,false
BAC,6992748365.0,6992748365.0,1.0,cover,433130824125.0215,415858753802.61975,1.041533501854814,false
BA,790370020.0,790370020.0,1.0,cover,164223081790.79285,166191107482.22504,0.9881580565816815,false
AZO,16325355.0,16325355.0,1.0,cover,48833054730.772705,48413167078.45459,1.008673005251602,false
MET,635476927.0,635476927.0,1.0,cover,60478337978.996994,62117869614.25,0.9736061193753996,false
VICI,1101077562.0,1101077562.0,1.0,cover,28242639045.272243,27570983160.546616,1.0243609696765095,false
VEEV,161908850.0,161908850.0,1.0,cover,46255739751.78528,43014326353.56903,1.0753566003003856,false
AXON,81237415.0,81237415.0,1.0,cover,46025869644.06647,39820955489.6994,1.1558203231957132,false
AFL,501343298.0,501343298.0,1.0,cover,58080620308.31084,58662180369.96483,0.9900862862923562,false
MMM,515722417.0,515722417.0,1.0,cover,88616583857.42595,83557348205.74388,1.0605480638186922,false
MNST,1959051764.0,1959051764.0,1.0,cover,89959653415.74908,86590089463.43788,1.0389139677899741,false
MO,1669743926.0,1669743926.0,1.0,cover,114344069657.69948,117900619633.99081,0.9698343402491671,false
MOS,317895646.0,317895646.0,1.0,cover,7667643248.308643,7963285689.76487,0.9628743143252775,false
MPC,280824763.0,280824763.0,1.0,cover,104837502579.982,111332980719.38666,0.9416571971985872,false
MPWR,49143000.0,49143000.0,1.0,cover,62302022069.82422,56182242840.08789,1.108927285924756,false
MRK,2467171638.0,2467171638.0,1.0,cover,364549267678.3014,357369826822.72064,1.0200896671087518,false
MRNA,399235889.0,399235889.0,1.0,cover,56028763200.21451,58563913532.106995,0.9567113913843442,false
MRSH,477211268.0,477211268.0,1.0,cover,90574700122.73322,86103225590.04028,1.0519315565944392,false
USB,1558051446.0,1558051446.0,1.0,cover,95944810897.5574,97658665110.75957,0.9824505668671756,false
MS,1570566292.0,1570566292.0,1.0,cover,335033212912.6111,324447587477.1528,1.0326266116440264,false
MSCI,72700000.0,72700000.0,1.0,cover,41485529064.94141,40250356774.90234,1.030687238300686,false
MSFT,7425545491.0,7425545491.0,1.0,cover,3766905035580.096,3752944973799.4697,1.0037197619144662,false
MSI,165493788.0,165493788.0,1.0,cover,80314133296.21216,78465570512.51514,1.0235589032440946,false
MTB,144416262.0,144416262.0,1.0,cover,33784740684.858765,34345076486.576294,0.9836851199927729,false
MTD,20036559.0,20036559.0,1.0,cover,28154170806.764282,25762005734.25,1.0928563209398696,false
MU,1129393151.0,1129393151.0,1.0,cover,1082783073599.77,1043593186406.22,1.0375528392711213,false
NCLH,459187846.0,459187846.0,1.0,cover,7411291554.173981,6759245215.736383,1.0964673299497332,false
NDAQ,558977372.0,558977372.0,1.0,cover,55120758994.09271,51185557783.45364,1.0768810848420836,false
NDSN,55699366.0,55699366.0,1.0,cover,17919600097.51239,17172671395.47522,1.0434951956417204,false
AIG,522893169.0,522893169.0,1.0,cover,39928122703.98866,39891520341.732994,1.0009175474372025,false
NEM,1053692271.0,1053692271.0,1.0,cover,132828445109.7691,129677907470.40863,1.0242950993027042,false
NFLX,4163939676.0,4163939676.0,1.0,cover,337487323447.13544,334447633505.5864,1.0090886872473512,false
NI,479560100.0,479560100.0,1.0,cover,19623598413.89923,19695533160.64987,0.9963476618701361,false
AIZ,49323767.0,49323767.0,1.0,cover,13902396244.103882,13971942936.202911,0.995022403654482,false
NOC,142063026.0,142063026.0,1.0,cover,76671416866.3678,74922621363.14136,1.0233413550061232,false
AWK,198728989.0,198728989.0,1.0,cover,27470307300.408157,27607430787.996353,0.9950330949431261,false
NRG,210210483.0,210210483.0,1.0,cover,23148378965.320335,22801531347.614594,1.0152115931346,false
NSC,224608373.0,224608373.0,1.0,cover,76993506099.931,71885907036.84857,1.0710514657687256,false
UNP,594075498.0,594075498.0,1.0,cover,178620687960.748,169359034992.752,1.0546865005955681,false
NTRS,182955653.0,182955653.0,1.0,cover,33949250524.010925,33244872934.969955,1.021187555459117,false
NUE,226875676.0,226875676.0,1.0,cover,56637243618.16608,57769354487.67139,0.9804029163984009,false
UNH,897594847.0,897594847.0,1.0,cover,349532412657.3605,344272492609.88165,1.0152783628096573,false
NVR,2664860.0,2664860.0,1.0,cover,16829203765.751953,16787445617.74414,1.00248746289094,false
AVY,75788142.0,75788142.0,1.0,cover,13195473449.87741,12953709091.867767,1.0186637168007286,false
AKAM,143716609.0,143716609.0,1.0,cover,15610498464.309456,15172162368.271172,1.0288908123574367,false
ATO,168988553.0,168988553.0,1.0,cover,28074069135.02942,27687083904.665436,1.0139771032477267,false
O,946218033.0,946218033.0,1.0,cover,57984239907.18869,56082343249.054245,1.0339125747597309,false
ODFL,207356622.0,207356622.0,1.0,cover,41463031527.28482,37720243867.38263,1.0992249062084842,false
OKE,630369667.0,630369667.0,1.0,cover,60521793075.28489,61126947378.48422,0.9901000405033749,false
APTV,207633331.0,207633331.0,1.0,cover,9293667547.054348,9299897085.583992,0.9993301497347427,false
UBER,2042560121.0,2042560121.0,1.0,cover,154519676270.3494,148351135978.17108,1.0415806744687548,false
ORCL,2880471000.0,2880471000.0,1.0,cover,429535821455.2002,417063376750.90027,1.029905394238798,false
ORLY,808960792.0,808960792.0,1.0,cover,71835720798.35242,70557561265.74097,1.0181151319530095,false
OTIS,380669339.0,380669339.0,1.0,cover,27077009037.530434,26715374327.191063,1.0135365765761064,false
OXY,999637371.0,999637371.0,1.0,cover,60158177291.845116,61757595560.11954,0.9741016752066161,false
ALB,118005057.0,118005057.0,1.0,cover,15927142687.339142,13574121562.660858,1.1733461066939963,false
TYL,40952274.0,40952274.0,1.0,cover,15243255478.270569,14723980943.893982,1.0352672647672727,false
PCAR,526364953.0,526364953.0,1.0,cover,65337680170.18548,64669198446.84767,1.0103369415331047,false
TXT,171986917.0,171986917.0,1.0,cover,13855265613.630066,13858706086.77745,0.999751746438243,false
PEG,498420030.0,498420030.0,1.0,cover,36549141712.53433,35347947614.96567,1.0339820040091974,false
PEP,1364891558.0,1364891558.0,1.0,cover,191548876251.33783,186089310019.33783,1.029338419447268,false
PFE,5699673589.0,5699673589.0,1.0,cover,162212705124.73297,157994947973.42474,1.0266955190998743,false
APO,590543159.0,590543159.0,1.0,cover,80656385737.53682,75772591289.53424,1.0644533117435715,false
APH,2465966914.0,2465966914.0,1.0,cover,195489530870.11688,193701708620.2338,1.0092297701585495,false
APD,222685530.0,222685530.0,1.0,cover,68912262210.96954,63939697316.23169,1.0777696032895596,false
PH,126047469.0,126047469.0,1.0,cover,123455933345.09308,117076672785.40155,1.0544878873640742,false
TXN,913247686.0,913247686.0,1.0,cover,238275457098.6729,240567717708.96735,0.9904714538088292,false
PKG,89098299.0,89098299.0,1.0,cover,20843656285.585144,20783068735.308426,1.0029152360052482,false
TTWO,186980443.0,186980443.0,1.0,cover,41079602756.48097,41679811233.87283,0.9855995394503112,false
ALGN,71039852.0,71039852.0,1.0,cover,11351457474.127869,10869097356.0,1.0443790410858353,false
PM,1558613439.0,1558613439.0,1.0,cover,291928301881.21075,303711415674.84216,0.9612029275638208,false
PNC,398943667.0,398943667.0,1.0,cover,95598872871.17712,96831607341.23178,0.9872692966284187,false
AAPL,14594180000.0,14594180000.0,1.0,cover,4624166022075.806,4861029278433.228,0.9512730241292096,false
PNW,121197234.0,121197234.0,1.0,cover,11833697853.787079,11562216308.532303,1.0234800610895367,false
PODD,69354199.0,69354199.0,1.0,cover,10310195477.322662,9557008833.852219,1.078809872059818,false
AON,212125434.0,212125434.0,1.0,cover,68202567209.20038,66085559520.95526,1.0320343461353887,false
TT,220023177.0,220023177.0,1.0,cover,97778298515.8851,93732075782.43384,1.0431679625109676,false
PRU,345000000.0,345000000.0,1.0,cover,40571999473.57178,41227500000.0,0.9841004056411807,false
ALL,252857950.0,252857950.0,1.0,cover,65186776423.3551,65358725693.98041,0.9973691459128136,false
TSLA,3949547394.0,3949547394.0,1.0,cover,1453236011834.5483,1417769032845.4048,1.0250160485717217,false
PSX,399020916.0,399020916.0,1.0,cover,98390578197.90912,102572315692.78784,0.9592313240991521,false
PTC,108506261.0,108506261.0,1.0,cover,16898765684.182693,14827379903.38034,1.1397000545140223,false
PWR,150343393.0,150343393.0,1.0,cover,91271974493.9123,93516600250.2544,0.9759975688772327,false
ANET,1261224648.0,1261224648.0,1.0,cover,246809054446.28174,236870598061.71826,1.0419573238126159,false
Q,209208543.0,209208543.0,1.0,cover,24985776354.33538,24525518198.189186,1.0187665007698055,false
TSCO,521040137.0,521040137.0,1.0,cover,18184301576.344154,17626788788.762985,1.0316287211619952,false
RCL,267452084.0,267452084.0,1.0,cover,71875070442.32324,68291214149.121216,1.0524790243936253,false
AMZN,10786313572.0,10786313572.0,1.0,cover,2801960558096.46,2734761870627.0034,1.0245720434350103,false
TRV,208575022.0,208575022.0,1.0,cover,76323856272.81091,78851784521.01819,0.9679407604588397,false
AMT,465960048.0,465960048.0,1.0,cover,81869179011.60278,82446972030.71777,0.9929919437320304,false
RF,851929506.0,851929506.0,1.0,cover,25455652924.312305,25583443650.15357,0.9950049443073902,false
RJF,192361711.0,192361711.0,1.0,cover,34273085696.645187,32855380825.841354,1.043149853545109,false
AMP,88333219.0,88333219.0,1.0,cover,48857985467.14636,49337634199.34454,0.9902782381039958,false
RMD,144252306.0,144252306.0,1.0,cover,34634979551.0462,32166822507.341583,1.0767298990486642,false
ROK,111048676.0,111048676.0,1.0,cover,47132388741.335205,46512738620.38733,1.0133221594627042,false
ROL,481145404.0,481145404.0,1.0,cover,17354914575.446075,16989244875.99266,1.021523599319599,false
ROP,98900874.0,98900874.0,1.0,cover,41997268584.10327,39027272440.39673,1.076100530679985,false
AMGN,540632005.0,540632005.0,1.0,cover,232406888949.2047,206251109907.5,1.1268152159444627,false
RSG,306212978.0,306212978.0,1.0,cover,67648570539.06729,69158202950.2757,0.9781713181255762,false
RTX,1347758144.0,1347758144.0,1.0,cover,279969793494.876,263271070913.32227,1.0634278674205397,false
RVTY,111586401.0,111586401.0,1.0,cover,14357822012.349197,14337737277.452408,1.001400830166443,false
SBAC,106088110.0,106088110.0,1.0,cover,20120671331.106262,19421551074.712524,1.0359971381124145,false
SBUX,1140000000.0,1140000000.0,1.0,cover,121125000000.0,112939799652.09961,1.0724740115806308,false
SCHW,1729335714.0,1729335714.0,1.0,cover,189915647583.72864,185575011247.32898,1.0233901984282494,false
SHW,242758151.0,242758151.0,1.0,cover,82248888547.63873,78775019999.5,1.0440986057275616,false
SJM,106823183.0,106823183.0,1.0,cover,14010929073.47818,12957652423.898483,1.0812860705876848,false
SLB,1484143231.0,1484143231.0,1.0,cover,89197005918.47714,79134516623.99542,1.127156767031171,false
TROW,213315850.0,213315850.0,1.0,cover,23737787527.604675,22568817580.98831,1.0517957993333726,false
SNA,51727124.0,51727124.0,1.0,cover,19982705146.153076,19541472841.576538,1.0225792757871233,false
SNDK,146419001.0,146419001.0,1.0,cover,229394641717.33472,227240823932.11694,1.0094781287444248,false
SNPS,191636646.0,191636646.0,1.0,cover,84241552513.34564,73095964480.19128,1.1524788421962031,false
ALLE,85036786.0,85036786.0,1.0,cover,13201961026.5,13213866124.637665,0.9990990450466675,false
SOLV,170223729.0,170223729.0,1.0,cover,15500572347.154724,15289495286.83184,1.013805364818332,false
AME,229261244.0,229261244.0,1.0,cover,53915366331.690125,53566888261.300415,1.0065054753356182,false
AMD,1632475042.0,1632475042.0,1.0,cover,768438653763.0073,805479516451.5222,0.9540138986380491,false
TRGP,214431021.0,214431021.0,1.0,cover,62967668007.86691,61595310782.25,1.0222802224420693,false
STE,97500110.0,97500110.0,1.0,cover,22682425530.890656,20831873859.656067,1.0888327033708882,false
STLD,143328088.0,143328088.0,1.0,cover,33340979130.71582,33614736303.678955,0.9918560368735312,false
STT,274701765.0,274701765.0,1.0,cover,52572425127.01721,51687885108.38791,1.0171131013926078,false
TPR,199391678.0,199391678.0,1.0,cover,24602939026.720978,23510273483.174133,1.0464760881802946,false
SW,524522908.0,524522908.0,1.0,cover,24600125185.55844,22947877225.0,1.072000034877232,false
SWK,151016641.0,151016641.0,1.0,cover,14553474107.949593,13423869126.316757,1.0841489864809772,false
SWKS,150472782.0,150472782.0,1.0,cover,10083181443.264542,11926473022.764542,0.8454453738350278,false
SYF,325370840.0,325370840.0,1.0,cover,25079584942.9718,24689138445.542297,1.0158145047584681,false
SYK,383573046.0,383573046.0,1.0,cover,124200947612.51184,108117732603.10474,1.1487564955551541,false
SYY,479096016.0,479096016.0,1.0,cover,38845105854.531006,40023681615.2655,0.9705530397712095,false
T,6852385650.0,6852385650.0,1.0,cover,177408260296.1357,181656745149.8866,0.9766125675639216,false
AMCR,462345690.0,462345690.0,1.0,cover,21217043431.906586,19534105402.5,1.0861538317076553,false
TDG,55276525.0,55276525.0,1.0,cover,64769714863.690186,61424378491.07056,1.054462681671349,false
TDY,46355673.0,46355673.0,1.0,cover,28413710331.21515,27679435225.99182,1.0265278210782935,false
TECH,156818238.0,156818238.0,1.0,cover,11339526406.922974,11333253533.831589,1.0005534926993964,false
TEL,289513228.0,289513228.0,1.0,cover,59422590047.0,58878303764.72119,1.0092442588776638,false
TER,156340750.0,156340750.0,1.0,cover,54692682473.19794,51467376808.45642,1.0626669914953113,false
TFC,1221626188.0,1221626188.0,1.0,cover,60568228637.90436,61203470154.74637,0.9896208251715815,false
TGT,454296736.0,454296736.0,1.0,cover,73087261105.92578,72096890616.79639,1.0137366602173363,false
TJX,1099974061.0,1099974061.0,1.0,cover,147297530536.73532,138585729595.5919,1.0628621790033173,false
AMAT,793597443.0,793597443.0,1.0,cover,363777143521.73254,336651964513.8019,1.080573357256671,false
TMO,369747286.0,369747286.0,1.0,cover,228171041163.56665,226884327829.91333,1.0056712305603492,false
TMUS,1072671613.0,1072671613.0,1.0,cover,193552868468.54718,196191631470.63205,0.9865500736075999,false
TPL,68974683.0,68974683.0,1.0,cover,25819982581.627167,25194381701.6315,1.024830967769102,false
ON,389311721.0,389318613.0,0.9999822972758818,cover,28844103983.187897,27894679215.50306,1.034036052551455,false
EIX,384793941.0,384813979.0,0.9999479280870927,cover,20771176759.035313,21599609052.295673,0.961645958903487,false
PLTR,2402897000.0,2403058480.0,0.9999328023011741,balance_sheet,447851954592.8955,416474059301.958,1.0753417760124826,false
CLX,120921351.0,120931005.0,0.9999201693560721,cover,11811597602.582268,10800347761.308289,1.0936312296254693,false
D,879455403.0,879525949.0,0.9999197908827133,cover,58052853030.74943,56694241867.309944,1.0239638298121922,false
REG,183096790.0,183120547.0,0.9998702657872686,cover,13690146373.656235,13647974144.374176,1.003089999206911,false
DUK,779596217.0,779702193.0,0.999864081439104,cover,93481385235.43661,92800152393.4515,1.0073408590871364,false
AJG,256300000.0,256341000.0,0.9998400567993415,cover,67189043435.668945,64931176082.29065,1.034773239753378,false
COIN,263782000.0,263836923.0,0.999791829743254,balance_sheet,49622668552.00195,50511578103.18361,0.9824018653829065,false
EVRG,230513025.0,230567172.0,0.9997651573746154,cover,18676164511.683083,18643661668.647034,1.0017433722845717,false
PPL,752350362.0,752544841.0,0.9997415715457678,cover,25677718658.656883,25428490866.36538,1.009801124006976,false
DTE,208028313.0,208088069.0,0.9997128331274004,cover,28214881107.953247,27286589504.025024,1.034020067029311,false
CSCO,3941434665.0,3942586873.0,0.9997077533007857,cover,435489107716.0372,433921101616.92377,1.003613574203399,false
NEE,2085341456.0,2085978209.0,0.9996947460921438,cover,171707007850.2915,170278395471.35974,1.00838986281834,false
SRE,653690046.0,653900348.0,0.999678388303901,cover,53406474763.296295,54267188483.63815,0.98413933457044,false
FE,578431175.0,578639932.0,0.9996392281478423,cover,26526854038.54637,26519069143.08136,1.0002935583984116,false
FDX,236581188.0,236670435.0,0.9996229060042924,cover,77456679507.22302,73976079601.37604,1.0470503428216578,false
WY,720736000.0,721042609.0,0.999574769928749,cover,16843600924.865723,16028776868.002888,1.050835073915678,false
LEN,240776000.0,240895142.0,0.9995054196651255,weighted_average,20251669506.958008,19269201893.972458,1.0509864195928567,false
AEP,544104955.0,544397352.0,0.9994628978283495,cover,66614769806.697655,66541690162.46576,1.001098253501729,false
GD,270389759.0,270557195.0,0.9993811437910568,balance_sheet,100409238654.97812,96537512087.40997,1.0401059286058925,false
PAYX,355682860.0,355980473.0,0.9991639625693739,cover,45292654089.850464,42187246615.68633,1.0736101007599168,false
VRSN,90300000.0,90400000.0,0.9988938053097345,cover,26031683889.770508,26993440551.757812,0.9643707270237296,false
NKE,1481000000.0,1483498703.0,0.9983156689015319,weighted_average,57847862033.843994,54963625814.33031,1.0524753630565926,false
CIEN,141552922.0,141808525.0,0.9981975484196032,cover,54186456813.65906,45327679008.273315,1.1954385929129268,false
CMG,1265418000.0,1267838000.0,0.9980912387860279,cover,48123844995.30029,46948039592.34619,1.0250448243028616,false
APP,335291000.0,335939521.0,0.9980695304974254,balance_sheet,104630908641.41846,112284422218.38062,0.9318381532740407,false
NVDA,24100000000.0,24147000000.0,0.998053588437487,cover,5320797970581.055,5094051282119.751,1.0445120545325466,false
DOW,720741438.0,722340711.0,0.997785985234328,cover,21997029017.689247,20875646272.348885,1.0537172708672355,false
HPE,1324203521.0,1327464779.0,0.9975432432923329,cover,69176394159.67165,73554823201.83495,0.9404739369687715,false
NTAP,195919927.0,196419005.0,0.9974591155270337,cover,36302001958.44963,36981770021.63071,0.9816188337447483,false
STX,226644518.0,227393014.0,0.9967083597387912,cover,187747786927.5027,183176439651.90637,1.0249559784232258,false
AVGO,4757580198.0,4773629865.0,0.9966378484604189,cover,1761922233104.541,1645565692889.9849,1.0707091431945253,false
ED,368529705.0,369828633.0,0.9964877570742339,cover,39440047791.97025,39120472347.28903,1.0081690078239398,false
PANW,815000000.0,818000000.0,0.9963325183374083,cover,311435953979.4922,305882921997.0703,1.0181541092460045,false
LNT,258277037.0,259284699.0,0.996113685057829,cover,17557673842.278862,17351331582.315536,1.011892012954996,false
ULTA,42757471.0,42989311.0,0.9946070315013888,cover,22965036630.21643,23586086529.693726,0.9736688026351712,false
FRT,86389197.0,86889133.0,0.9942462770344365,cover,10023738422.454437,9951412296.424164,1.0072679257853945,false
BIIB,146800000.0,147753998.0,0.9935433354568179,balance_sheet,31804219104.003906,32115809095.461884,0.9902979249088261,false
IBKR,450088032.0,453078171.0,0.9934003905034745,weighted_average,43789065045.3479,41116844018.25,1.0649909080062618,false
EXC,1023208142.0,1030253967.0,0.9931610794758532,cover,44734661217.27338,44012450727.87424,1.016409231421002,false
CNP,654169480.0,658720288.0,0.9930914409607496,cover,25905110409.81659,25459540136.327393,1.017501112396505,false
CDNS,271799000.0,275393000.0,0.9869495593569917,balance_sheet,92080064888.21411,76851169907.65381,1.1981608737883849,false
INCY,199948401.0,202697746.0,0.9864362329909677,balance_sheet,24637642215.297638,24767638078.607544,0.994751382311978,false
COP,1201337479.0,1218294007.0,0.9860817438955028,cover,159165209191.85388,166504239705.92706,0.9559228610212264,false
ISRG,353278038.0,358278038.0,0.9860443580971044,cover,133136356225.70874,135407602556.42224,0.9832265966767478,false
PHM,187452540.0,190486353.0,0.9840733314895267,cover,23679004795.594025,22656447290.874573,1.0451331796018748,false
MGM,251592756.0,255851235.0,0.9833556441500078,cover,10405876541.720032,10190555158.527603,1.0211295047073314,false
QCOM,1050000000.0,1068060487.0,0.983090389336723,cover,179003995513.91602,192411090214.12613,0.9303205720351674,false
PLD,932338000.0,950333372.0,0.981064148087183,cover,130452731252.83813,128475570880.82983,1.0153893877135776,false
SO,1127301098.0,1150362966.0,0.9799525291741702,cover,99202496624.0,100081578042.0,0.991216351348586,false
LULU,108437957.0,110710025.0,0.9794773056911513,cover,13040748940.468468,11104215845.360184,1.1743962042954568,false
MRVL,876900000.0,898704613.0,0.9757377310802787,cover,185604657211.3037,196654549998.96918,0.9438106426333721,false
GM,877451541.0,904451541.0,0.9701476543783123,cover,75741616751.34305,78831999625.76047,0.9607978626815454,false
INTC,5044000000.0,5254526315.0,0.959934292383499,cover,451488450775.1465,510687425383.2834,0.8840798271786179,false
ETR,457832070.0,477777482.0,0.9582537629933761,cover,48672126243.94592,49516857942.86777,0.9829405230053876,false
PSKY,1071666977.0,1121945779.0,0.9551860678643366,cover,11691886555.546597,12195550489.333496,0.9587010086812059,false
EXPE,114473000.0,120022077.0,0.953766197530476,balance_sheet,36301677201.049805,34549553327.08411,1.0507133582127144,false
DLR,351406070.0,370998727.0,0.9471894225664014,cover,65217451244.41254,66460711728.34035,0.9812933016876246,false
PSA,175621134.0,186852295.0,0.9398928388864585,cover,53913930211.60986,55196166802.5441,0.9767694630766437,false
SMCI,601418482.0,656965384.0,0.9154492712206584,cover,22420880274.80658,24136909310.854584,0.9289043591311713,false
CPT,100539350.0,115732578.0,0.8687212515044813,cover,10637063536.821747,12016513785.65268,0.885203789265573,false
MLM,60065839.0,71019382.0,0.8457668499565372,cover,31156151422.525574,35575029785.0694,0.8757870790483948,false
BG,145287978.0,192119123.0,0.7562390236395156,cover,15962790541.90535,23290601926.221138,0.6853747529785412,false
