ticker,wiki_name,sec_name,yf_name,overlap,exchange,currency,quote_type,first_price,member_start,member_end,level,n_levels,flag,reason
AA,Alcoa,ALCOA INC|ARCONIC INC.|HOWMET AEROSPACE INC.,Alcoa Corporation,1.0,NYQ,USD,EQUITY,2008-01-02,1900-01-01,2016-10-31,1.02173418820396,8,false,""
AAL,American Airlines Group,AMERICAN AIRLINES GROUP INC.|AMR CORP,American Airlines Group Inc.,1.0,NMS,USD,EQUITY,2008-01-02,2015-03-23,2024-09-22,1.006286059481851,10,false,""
AAP,Advance Auto Parts,ADVANCE AUTO PARTS INC,"Advance Auto Parts, Inc.",1.0,NYQ,USD,EQUITY,2008-01-02,2015-07-08,2023-08-24,1.0052744558456668,9,false,""
ABK,Ambac Financial,AMBAC FINANCIAL GROUP INC|OCTAVE SPECIALTY GROUP INC,945779,,YHD,,MUTUALFUND,,2000-12-05,2008-06-09,,,false,""
ABMD,Abiomed,ABIOMED INC,,,,,NONE,,2018-05-31,2022-12-21,,,false,""
ABS,Albertsons,,3305691,,YHD,,MUTUALFUND,,1900-01-01,2006-06-01,,,false,""
ACAS,American Capital,,823224,,YHD,,MUTUALFUND,,1900-01-01,2009-03-02,,,false,""
ACE,Chubb,ACE LTD|CHUBB LTD,1280525,,YHD,,MUTUALFUND,,1900-01-01,2016-01-18,,,false,""
ADCT,ADC Telecommunications,,ADC Therapeutics SA,0.5,NYQ,USD,EQUITY,,1900-01-01,2007-07-01,,,false,""
ADS,Alliance Data Systems,"ALLIANCE DATA SYSTEMS CORP|BREAD FINANCIAL HOLDINGS, INC.",,,,,NONE,,2013-12-23,2020-06-21,,,false,""
ADT,ADT,ADT CORP,ADT Inc.,1.0,NYQ,USD,EQUITY,,2012-10-01,2016-05-02,,,false,""
AET,Aetna,AETNA INC /PA/,Aetna Inc.,1.0,YHD,,MUTUALFUND,2008-01-02,1900-01-01,2018-12-02,1.0283281073797317,9,false,""
AGN,Allergan,ALLERGAN INC|ACTAVIS PLC|ALLERGAN PLC|WARNER CHILCOTT LTD,,,,,NONE,,1900-01-01,2020-05-11,,,false,""
AIV,Aimco,APARTMENT INVESTMENT & MANAGEMENT CO,Apartment Investment and Management Company,1.0,NYQ,USD,EQUITY,2008-01-02,1900-01-01,2020-12-20,1.008479525599484,11,false,""
AKS,AK Steel,AK STEEL HOLDING CORP,,,,,,,2008-07-01,2011-12-15,,,false,no_info
ALK,Alaska Air Group,"ALASKA AIR GROUP INC|ALASKA AIR GROUP, INC.","Alaska Air Group, Inc.",1.0,NYQ,USD,EQUITY,2008-01-02,2016-05-13,2023-12-17,0.9972569203063477,7,false,""
ALTR,Altera,ALTERA CORP,,,,,NONE,,1900-01-01,2015-12-28,,,false,""
ALXN,Alexion Pharmaceuticals,"ALEXION PHARMACEUTICALS INC|ALEXION PHARMACEUTICALS, INC.",,,,,NONE,,2012-05-21,2021-07-20,,,false,""
AMD,Advanced Micro Devices,ADVANCED MICRO DEVICES INC,"Advanced Micro Devices, Inc.",1.0,NMS,USD,EQUITY,2008-01-02,1900-01-01,2013-09-19,1.1926174759787918,4,false,""
AMG,Affiliated Managers Group,"AFFILIATED MANAGERS GROUP INC|AFFILIATED MANAGERS GROUP, INC.","Affiliated Managers Group, Inc.",1.0,NYQ,USD,EQUITY,2008-01-02,2014-07-01,2019-12-22,1.004776481986536,5,false,""
AMTM,Amentum,"AMENTUM HOLDINGS, INC.","Amentum Holdings, Inc.",1.0,NYQ,USD,EQUITY,2024-09-24,2024-09-30,2024-12-22,1.0000000032377994,1,false,""
AN,Amoco|AutoNation,"AUTONATION, INC.","AutoNation, Inc.",1.0,NYQ,USD,EQUITY,2008-01-02,1900-01-01,2017-08-07,1.7788970043601986,8,false,""
ANDV,Andeavor,ANDEAVOR|TESORO CORP /NEW/,Andeavor,1.0,YHD,,MUTUALFUND,2008-01-02,1900-01-01,2018-09-30,1.0059848293340923,8,false,""
ANF,Abercrombie & Fitch,ABERCROMBIE & FITCH CO /DE/,Abercrombie & Fitch Co.,1.0,NYQ,USD,EQUITY,2008-01-02,1900-01-01,2013-12-22,1.0145221582723392,3,false,""
ANR,Alpha Natural Resources,"ALPHA NATURAL RESOURCES, INC.",703931,,YHD,,MUTUALFUND,,2011-06-01,2012-10-01,,,false,""
ANSS,Ansys,ANSYS INC,,,,,,,2017-06-19,2025-07-17,,,false,no_info
APC,Anadarko Petroleum,ANADARKO PETROLEUM CORP,ARKO Petroleum Corp.,0.5,NCM,USD,EQUITY,,1900-01-01,2019-08-08,,,false,""
APOL,Apollo Education Group,APOLLO EDUCATION GROUP INC|APOLLO GROUP INC,1912746,,YHD,,MUTUALFUND,,1900-01-01,2013-06-30,,,false,""
ARG,Airgas,AIRGAS INC,,,,,,,2009-09-28,2016-05-22,,,false,no_info
ARNC,Arconic,ALCOA INC|ARCONIC INC.|HOWMET AEROSPACE INC.,,,,,NONE,,2016-11-01,2020-03-31,,,false,""
ATI,Allegheny Technologies,ALLEGHENY TECHNOLOGIES INC|ATI INC,ATI Inc.,1.0,NYQ,USD,EQUITY,2008-01-02,1900-01-01,2015-07-01,1.007369031458066,7,false,""
ATVI,Activision Blizzard,"ACTIVISION BLIZZARD, INC.",,,,,NONE,,2015-08-28,2023-10-17,,,false,""
AV,Avaya,,Corgi Aerospace & Commercial Aviation ETF,0.0,BTS,USD,ETF,,1900-01-01,2007-10-25,,,true,name overlap 0.00; quote type ETF
AVB,AvalonBay Communities,AVALONBAY COMMUNITIES INC,AvalonBay Communities Inc,1.0,NYQ,USD,EQUITY,2026-07-17,2007-01-10,2026-08-17,,,true,first price 2026-07-17 is over 24 months after membership start 2008-01-01
AVP,Avon Products,AVON PRODUCTS INC,,,,,,,1900-01-01,2015-03-22,,,false,no_info
AYE,Allegheny Energy,"ALLEGHENY ENERGY, INC",1289398,,YHD,,MUTUALFUND,,1900-01-01,2011-02-24,,,false,""
AYI,Acuity Brands,ACUITY BRANDS INC|ACUITY INC. (DE),Acuity Inc.,1.0,NYQ,USD,EQUITY,2008-01-02,2016-05-03,2018-06-17,1.2141231191982522,2,false,""
BBBY,Bed Bath & Beyond,BED BATH & BEYOND INC,"Bed Bath & Beyond, Inc.",1.0,NYQ,USD,EQUITY,,1900-01-01,2017-07-25,,,false,""
BBWI,"Bath & Body Works, Inc.","BATH & BODY WORKS, INC.|L BRANDS, INC.|LIMITED BRANDS INC","Bath & Body Works, Inc.",1.0,NYQ,USD,EQUITY,2008-01-02,1900-01-01,2024-09-30,1.1895115451943954,16,false,""
BC,Brunswick,BRUNSWICK CORP,Brunswick Corporation,1.0,NYQ,USD,EQUITY,2008-01-02,1900-01-01,2008-06-22,,,false,""
BCR,CR Bard,BARD C R INC /NJ/,574456,,YHD,,MUTUALFUND,,1900-01-01,2018-01-02,,,false,""
BEAM,Suntory Global Spirits,BEAM INC|FORTUNE BRANDS INC,Beam Therapeutics Inc.,1.0,NMS,USD,EQUITY,,1900-01-01,2014-04-30,,,false,""
BHF,Brighthouse Financial,"BRIGHTHOUSE FINANCIAL, INC.","Brighthouse Financial, Inc.",1.0,NMS,USD,EQUITY,2017-07-17,2017-08-08,2019-04-01,0.999935722959423,1,false,""
BHI,Baker Hughes,BAKER HUGHES A GE CO LLC|BAKER HUGHES HOLDINGS LLC|BAKER HUGHES INC,,,,,,,1900-01-01,2017-07-06,,,false,no_info
BIG,Big Lots,BIG LOTS INC,,,,,,,1900-01-01,2013-02-14,,,false,no_info
BIO,Bio-Rad Laboratories,"BIO RAD LABORATORIES INC|BIO-RAD LABORATORIES, INC.","Bio-Rad Laboratories, Inc.",1.0,NYQ,USD,EQUITY,2008-01-02,2020-06-22,2024-09-22,,,false,""
BJS,BJ Services,BJ SERVICES CO,2975165,,YHD,,MUTUALFUND,,1900-01-01,2010-04-28,,,false,""
BMC,BMC Software,BMC SOFTWARE INC,,,,,,,1900-01-01,2013-09-09,,,false,no_info
BMS,Bemis Company|Bemis,BEMIS CO INC,"Bemis Company, Inc.",1.0,NYQ,,EQUITY,2008-01-02,1900-01-01,2019-06-10,1.0000129020714439,9,false,""
BRCM,Broadcom Corporation,BROADCOM CORP,7486608,,YHD,,MUTUALFUND,,1900-01-01,2016-01-31,,,false,""
BS,Bethlehem Steel,,,,,,,,1900-01-01,2000-12-04,,,false,no_info
BTU,Peabody Energy,PEABODY ENERGY CORP,Peabody Energy Corporation,1.0,NYQ,USD,EQUITY,,1900-01-01,2014-09-19,,,false,""
BWA,BorgWarner,BORGWARNER INC,BorgWarner Inc.,1.0,NYQ,USD,EQUITY,2008-01-02,2011-12-16,2025-03-23,1.008079321954789,13,false,""
BXLT,Baxalta,BAXALTA INC,,,YHD,,MUTUALFUND,,2015-07-01,2016-06-02,,,false,""
CA,CA Technologies,"CA, INC.",,,,,,,1900-01-01,2018-11-05,,,false,no_info
CAG,Conagra Brands,CONAGRA BRANDS INC.|CONAGRA FOODS INC /DE/,"Conagra Brands, Inc.",1.0,NYQ,USD,EQUITY,2008-01-02,1900-01-01,2026-06-29,1.0000000027854758,17,false,""
CAM,Cameron International,CAMERON INTERNATIONAL CORP,AB California Intermediate Municipal ETF,0.0,PCX,USD,ETF,,1900-01-01,2016-04-03,,,true,name overlap 0.00; quote type ETF
CBE,Cooper Industries,COOPER INDUSTRIES LTD|COOPER INDUSTRIES PLC,462219,,YHD,,MUTUALFUND,,1900-01-01,2012-12-02,,,false,""
CCE,Coca-Cola Enterprises,"COCA COLA ENTERPRISES INC|COCA-COLA ENTERPRISES, INC.",Coca-Cola European Partners plc,0.6666666666666666,YHD,,MUTUALFUND,,1900-01-01,2016-05-30,,,false,""
CCK,Crown Holdings,"CROWN HOLDINGS INC|CROWN HOLDINGS, INC.","Crown Holdings, Inc.",1.0,NYQ,USD,EQUITY,,1900-01-01,2000-12-04,,,false,""
CDAY,Ceridian,"CERIDIAN HCM HOLDING INC.|DAYFORCE, INC.",,,,,NONE,,2021-09-20,2024-01-31,,,false,""
CE,Celanese,CELANESE CORP,Celanese Corporation,1.0,NYQ,USD,EQUITY,2008-01-02,2018-12-24,2025-03-23,1.0027501642182648,6,false,""
CEG,Constellation Energy Group,CONSTELLATION ENERGY CORP|CONSTELLATION ENERGY GROUP INC,Constellation Energy Corporation,1.0,NMS,USD,EQUITY,2022-01-19,1900-01-01,2012-03-12,,,false,""
CELG,Celgene,CELGENE CORP /DE/,,,,,NONE,,1900-01-01,2019-11-20,,,false,""
CEPH,Cephalon,CEPHALON INC,1084041,,YHD,,MUTUALFUND,,1900-01-01,2011-10-13,,,false,""
CERN,Cerner,CERNER CORP|CERNER CORP /MO/,,,,,NONE,,2010-04-29,2022-06-07,,,false,""
CFC,Countrywide Financial Corp,,3847602,,YHD,,MUTUALFUND,2008-01-02,1900-01-01,2008-06-30,,,false,""
CFN,Carefusion,CAREFUSION CORP,1232,,YHD,,MUTUALFUND,,1900-01-01,2015-03-17,,,false,""
CHK,Chesapeake Energy,CHESAPEAKE ENERGY CORP|EXPAND ENERGY CORP,,,,,,,1900-01-01,2018-03-18,,,false,no_info
CIEN,Ciena,CIENA CORP,Ciena Corporation,1.0,NYQ,USD,EQUITY,2008-01-02,1900-01-01,2009-12-17,,,false,""
CLF,Cliffs Natural Resources,CLEVELAND-CLIFFS INC.|CLIFFS NATURAL RESOURCES INC.,Cleveland-Cliffs Inc.,1.0,NYQ,USD,EQUITY,2008-01-02,2009-12-18,2014-04-01,0.9851687387193082,4,false,""
CMA,Comerica,COMERICA INC|COMERICA INC /NEW/,,,,,,,1900-01-01,2024-06-23,,,false,no_info
CMCSK,Comcast Series K,COMCAST CORP,5553128,,YHD,,MUTUALFUND,,2015-09-18,2015-12-14,,,false,""
CNX,Consol Energy,CNX RESOURCES CORP|CONSOL ENERGY INC,CNX Resources Corporation,1.0,NYQ,USD,EQUITY,2008-01-02,1900-01-01,2016-03-03,1.8824554119731172,7,false,""
COL,Rockwell Collins,ROCKWELL COLLINS INC,,,,,,2012-08-02,1900-01-01,2018-12-02,0.0007981462503372542,6,true,"no_info; price level 0.0007981 outside [0.5, 20]; first price 2012-08-02 is over 24 months after membership start 2008-01-01"
COTY,Coty,COTY INC.,Coty Inc.,1.0,NYQ,USD,EQUITY,2013-06-13,2016-09-30,2020-09-20,1.6789226090924743,4,false,""
COV,Covidien,COVIDIEN PLC,,,YHD,,MUTUALFUND,,1900-01-01,2015-01-26,,,false,""
CPB,Campbell's,CAMPBELL SOUP CO|CAMPBELL'S CO,The Campbell's Company,1.0,NMS,USD,EQUITY,2008-01-02,1900-01-01,2026-06-21,1.5861449303253676,16,false,""
CPGX,Columbia Pipeline Group,"COLUMBIA PIPELINE GROUP, INC.","Columbia Pipeline Group, Inc.",1.0,YHD,,MUTUALFUND,,2015-07-02,2016-07-04,,,false,""
CPRI,Capri Holdings,CAPRI HOLDINGS LTD|MICHAEL KORS HOLDINGS LTD,Capri Holdings Limited,1.0,NYQ,USD,EQUITY,2011-12-15,2013-11-13,2020-05-11,1.0396902166099615,6,false,""
CPWR,Compuware,COMPUWARE CORP,Ocean Thermal Energy Corporation,0.0,OID,USD,EQUITY,,1998-12-11,2011-12-30,,,true,name overlap 0.00; exchange OID
CSC,Computer Sciences Corporation,COMPUTER SCIENCES CORP,CSC Collective Holdings Ltd,0.0,YHD,,MUTUALFUND,,1900-01-01,2015-11-30,,,true,name overlap 0.00
CSRA,CSRA,CSRA INC.,Cohen & Steers Real Assets Active ETF,0.0,PCX,USD,EQUITY,,2015-12-01,2018-04-03,,,true,name overlap 0.00
CTLT,Catalent,"CATALENT, INC.",,,,,NONE,,2020-09-21,2024-12-22,,,false,""
CTRA,Coterra Energy,CABOT OIL & GAS CORP|COTERRA ENERGY INC.,,,,,,,1900-01-01,2026-05-06,,,false,no_info
CTX,Centex Corp.,,1692817,,YHD,,MUTUALFUND,,1900-01-01,2009-08-18,,,false,""
CTXS,Citrix Systems,CITRIX SYSTEMS INC,,,,,NONE,,1900-01-01,2022-10-02,,,false,""
CVC,Cablevision Systems,CABLEVISION SYSTEMS CORP /NY,2393377,,YHD,,MUTUALFUND,,2010-12-17,2016-06-21,,,false,""
CVG,Convergys,CONVERGYS CORP,Convergys Corporation,1.0,YHD,,MUTUALFUND,2008-01-02,2000-06-12,2009-12-17,,,false,""
CVH,Coventry Health Care,COVENTRY HEALTH CARE INC,945553,,YHD,,MUTUALFUND,,1900-01-01,2013-05-07,,,false,""
CXO,Concho Resources,CONCHO RESOURCES INC,,,,,NONE,,2016-02-22,2021-01-20,,,false,""
CZR,Caesars Entertainment,"CAESARS ENTERTAINMENT, INC.|ELDORADO RESORTS, INC.","Caesars Entertainment, Inc.",1.0,NMS,USD,EQUITY,2014-09-22,2021-03-22,2025-09-21,1.0494465863151659,5,false,""
DAY,Dayforce,"CERIDIAN HCM HOLDING INC.|DAYFORCE, INC.",,,,,,,2024-02-01,2026-02-08,,,false,no_info
DD,DuPont,"DOWDUPONT INC.|DUPONT DE NEMOURS, INC.|DUPONT E I DE NEMOURS & CO","DuPont de Nemours, Inc.",1.0,NYQ,USD,EQUITY,2008-01-02,1900-01-01,2017-08-31,0.7274359249077211,8,false,""
DELL,Dell,DELL TECHNOLOGIES INC.|DENALI HOLDING INC.|DELL INC,Dell Technologies Inc.,1.0,NYQ,USD,EQUITY,2016-08-17,1900-01-01,2013-10-28,,,false,""
DF,Dean Foods,DEAN FOODS CO,,,,,NONE,,1900-01-01,2013-05-22,,,false,""
DFS,Discover Financial,DISCOVER FINANCIAL SERVICES,,,,,NONE,,2007-07-02,2025-05-18,,,false,""
DISCA,"Discovery, Inc.","DISCOVERY COMMUNICATIONS, INC.|DISCOVERY, INC.|WARNER BROS. DISCOVERY, INC.",,,,,NONE,,1900-01-01,2022-04-10,,,false,""
DISCK,"Discovery, Inc.","DISCOVERY COMMUNICATIONS, INC.|DISCOVERY, INC.|WARNER BROS. DISCOVERY, INC.",,,,,NONE,,2014-08-06,2022-04-10,,,false,""
DISH,Dish Network,DISH NETWORK CORP,,,,,NONE,,2017-03-13,2023-06-19,,,false,""
DJ,Dow Jones,,738067,,YHD,,MUTUALFUND,,1900-01-01,2007-12-12,,,false,""
DNB,Dun & Bradstreet,DUN & BRADSTREET CORP/NW,,,,,,,1900-01-01,2017-04-04,,,false,no_info
DNR,Denbury Resources,DENBURY INC|DENBURY RESOURCES INC,,,,,,,1900-01-01,2015-03-22,,,false,no_info
DO,Diamond Offshore Drilling,"DIAMOND OFFSHORE DRILLING INC|DIAMOND OFFSHORE DRILLING, INC.",,,,,NONE,,1900-01-01,2016-09-29,,,false,""
DOW,Dow Chemical Company,DOW INC.|DOW CHEMICAL CO /DE/,Dow Inc.,1.0,NYQ,USD,EQUITY,2019-03-20,1900-01-01,2017-08-31,,,false,""
DPS,Dr Pepper Snapple Group,"DR PEPPER SNAPPLE GROUP, INC.|KEURIG DR PEPPER INC.",,,,,,,1900-01-01,2018-07-01,,,false,no_info
DRE,Duke Realty,DUKE REALTY CORP,,,,,NONE,,2017-07-26,2022-10-02,,,false,""
DTV,DirecTV,DIRECTV,,,,,,,1900-01-01,2015-07-28,,,false,no_info
DV,DeVry,ADTALEM GLOBAL EDUCATION INC.|COVISTA INC.|DEVRY EDUCATION GROUP INC.|DEVRY INC,"DoubleVerify Holdings, Inc.",0.0,NYQ,USD,EQUITY,,1900-01-01,2012-09-30,,,true,name overlap 0.00
DWDP,DuPont,"DOWDUPONT INC.|DUPONT DE NEMOURS, INC.",,,,,NONE,,2017-09-01,2019-06-02,,,false,""
DXC,DXC Technology,"DXC TECHNOLOGY CO|EVERETT SPINCO, INC.",DXC Technology Company,1.0,NYQ,USD,EQUITY,2008-01-02,2017-04-04,2023-10-02,1.0026427877163189,7,false,""
DYN,Dynegy,,"Dyne Therapeutics, Inc.",0.0,NMS,USD,EQUITY,,1900-01-01,2009-12-17,,,true,name overlap 0.00
EA,Electronic Arts,ELECTRONIC ARTS INC.,Electronic Arts Inc,1.0,NMS,USD,EQUITY,2026-07-17,1900-01-01,2026-08-04,,,true,first price 2026-07-17 is over 24 months after membership start 2008-01-01
EK,Eastman Kodak,EASTMAN KODAK CO,3046724,,YHD,,MUTUALFUND,,1900-01-01,2010-12-16,,,false,""
EMC,EMC Corporation,EMC CORP,Global X Emerging Markets Great Consumer ETF,0.0,PCX,USD,ETF,,1900-01-01,2016-09-07,,,true,name overlap 0.00; quote type ETF
EMN,Eastman Chemical Co.,EASTMAN CHEMICAL CO,Eastman Chemical Company,1.0,NYQ,USD,EQUITY,2008-01-02,1900-01-01,2025-11-03,1.059792640722252,16,false,""
ENDP,Endo International,ENDO INTERNATIONAL PLC,,,,,NONE,,2015-01-27,2017-03-01,,,false,""
ENPH,Enphase Energy,"ENPHASE ENERGY, INC.","Enphase Energy, Inc.",1.0,NGM,USD,EQUITY,2012-03-30,2021-01-07,2025-09-21,,,false,""
EP,El Paso Corporation,EL PASO CORP/DE,Empire Petroleum Corporation,0.0,ASE,USD,EQUITY,2008-01-02,1900-01-01,2012-05-16,0.006500598391676289,3,true,"name overlap 0.00; price level 0.006501 outside [0.5, 20]"
EPAM,EPAM Systems,"EPAM SYSTEMS, INC.","EPAM Systems, Inc.",1.0,NYQ,USD,EQUITY,2012-02-08,2021-12-14,2026-06-01,1.0331726695081447,4,false,""
EQT,EQT Corporation,EQT CORP,EQT Corporation,1.0,NYQ,USD,EQUITY,2008-01-02,1900-01-01,2018-11-12,1.0050624172470233,10,false,""
ESRX,Express Scripts,EXPRESS SCRIPTS HOLDING CO.|EXPRESS SCRIPTS INC,Express Scripts Holding Company,1.0,YHD,,MUTUALFUND,2008-01-02,2003-09-25,2018-12-23,1.002635926466822,9,false,""
ESV,Ensco,ENSCO INTERNATIONAL INC|ENSCO PLC|ENSCO ROWAN PLC|VALARIS LTD|VALARIS PLC,,,,,NONE,,2012-07-31,2016-03-29,,,false,""
ETFC,E-Trade,E TRADE FINANCIAL CORP,,,,,NONE,,1900-01-01,2020-10-06,,,false,""
ETSY,Etsy,ETSY INC,"Etsy, Inc.",1.0,NYQ,USD,EQUITY,2015-04-16,2020-09-21,2024-09-22,1.006624093767054,4,false,""
EVHC,Envision Healthcare,ENVISION HEALTHCARE CORP,Envision Healthcare Corporation,1.0,YHD,,MUTUALFUND,2013-08-14,2016-12-02,2018-10-10,1.0336636039842038,1,false,""
FBHS,Fortune Brands Home & Security,"FORTUNE BRANDS HOME & SECURITY, INC.|FORTUNE BRANDS INNOVATIONS, INC.",,,,,NONE,,2016-06-22,2022-12-18,,,false,""
FDC,First Data,"FIRST DATA CORP|TELECHECK SERVICES, INC.",,,,,NONE,,1900-01-01,2007-09-25,,,false,""
FDO,Family Dollar,FAMILY DOLLAR STORES INC,,,,,,,1900-01-01,2015-07-07,,,false,no_info
FHN,First Horizon,FIRST HORIZON CORP|FIRST HORIZON NATIONAL CORP,First Horizon Corporation,1.0,NYQ,USD,EQUITY,2008-01-02,1900-01-01,2013-06-20,1.024860600684038,3,false,""
FII,Federated Investors,"FEDERATED HERMES, INC.|FEDERATED INVESTORS INC /PA/",,,,,NONE,,1900-01-01,2013-01-01,,,false,""
FL,Foot Locker,"FOOT LOCKER INC|FOOT LOCKER, INC.",,,,,NONE,,2016-04-04,2019-08-08,,,false,""
FLIR,FLIR Systems,FLIR SYSTEMS INC,,,,,NONE,,1900-01-01,2021-05-13,,,false,""
FLR,Fluor Corporation,FLUOR CORP,Fluor Corporation,1.0,NYQ,USD,EQUITY,2008-01-02,1900-01-01,2019-06-02,1.004042800893814,10,false,""
FLS,Flowserve,FLOWSERVE CORP,Flowserve Corporation,1.0,NYQ,USD,EQUITY,2008-01-02,1900-01-01,2021-03-21,1.3261945892728244,12,false,""
FLT,FLEETCOR Technologies,"CORPAY, INC.|FLEETCOR TECHNOLOGIES INC",,,,,NONE,,2018-06-20,2024-03-24,,,false,""
FMC,FMC Corporation,FMC CORP,FMC Corporation,1.0,NYQ,USD,EQUITY,2008-01-02,2009-08-19,2025-03-23,1.0065716869938168,15,false,""
FNM,Fannie Mae,,5276697,,YHD,,MUTUALFUND,,1900-01-01,2008-09-11,,,false,""
FOSL,Fossil Group,"FOSSIL GROUP, INC.|FOSSIL INC","Fossil Group, Inc.",1.0,NMS,USD,EQUITY,2008-01-02,2012-04-03,2016-01-04,1.3471060531675916,4,false,""
FOX,21st Century Fox,"FOX CORP|NEWS CORP|TWENTY-FIRST CENTURY FOX, INC.",Fox Corporation,1.0,NMS,USD,EQUITY,2019-03-13,2015-09-18,2019-03-18,,,true,first price 2019-03-13 is over 24 months after membership start 2015-09-18
FOXA,21st Century Fox,"FOX CORP|NEWS CORP|TWENTY-FIRST CENTURY FOX, INC.",Fox Corporation,1.0,NMS,USD,EQUITY,2019-03-12,1900-01-01,2019-03-18,,,true,first price 2019-03-12 is over 24 months after membership start 2008-01-01
FRC,First Republic Bank,FIRST REPUBLIC PREFERRED CAPITAL CORP,,,,,NONE,,2019-01-02,2023-05-03,,,false,""
FRE,Freddie Mac,,,,,,,,1900-01-01,2008-09-11,,,false,no_info
FRX,Forest Laboratories,FOREST LABORATORIES INC,,,,,,,1900-01-01,2014-06-30,,,false,no_info
FSLR,First Solar,"FIRST SOLAR, INC.","First Solar, Inc.",1.0,NMS,USD,EQUITY,2008-01-02,1900-01-01,2017-03-19,1.576265234349432,8,false,""
FTI,TechnipFMC,TECHNIPFMC PLC|FMC TECHNOLOGIES INC,TechnipFMC plc,1.0,NYQ,USD,EQUITY,2008-01-02,2009-06-05,2021-02-11,1.7488815486877893,11,false,""
FTR,Frontier Communications,"FRONTIER COMMUNICATIONS CORP|FRONTIER COMMUNICATIONS PARENT, INC.",,,,,NONE,,1900-01-01,2017-03-19,,,false,""
GAS,Nicor Gas|AGL Resources,NICOR INC|AGL RESOURCES INC|SOUTHERN CO GAS,,,,,,,1900-01-01,2016-06-30,,,false,no_info
GENZ,Genzyme,GENZYME CORP,VanEck Digital Native Economy ETF,0.0,NGM,USD,EQUITY,2008-01-24,1900-01-01,2011-03-31,0.42159360020103637,2,true,"name overlap 0.00; price level 0.4216 outside [0.5, 20]"
GGP,GGP Inc.,"BROOKFIELD PROPERTY REIT INC.|GENERAL GROWTH PROPERTIES, INC.|GGP INC.",GGP Inc.,1.0,YHD,0.5,MUTUALFUND,,2013-12-10,2018-08-27,,,false,""
GHC,Graham Holdings,GRAHAM HOLDINGS CO|WASHINGTON POST CO,Graham Holdings Company,1.0,NYQ,USD,EQUITY,2008-01-02,1900-01-01,2014-09-19,,,false,""
GLK,Great Lakes Chemical,,930046,,YHD,,MUTUALFUND,,1900-01-01,2005-06-30,,,false,""
GMCR,Keurig Green Mountain,"GREEN MOUNTAIN COFFEE ROASTERS INC|KEURIG GREEN MOUNTAIN, INC.",26885,,YHD,,MUTUALFUND,,2014-03-21,2016-03-06,,,false,""
GME,GameStop,GAMESTOP CORP.,GameStop Corp.,1.0,NYQ,USD,EQUITY,2008-01-02,2007-12-13,2016-04-24,1.0005896335291606,6,false,""
GNW,Genworth Financial,GENWORTH FINANCIAL INC,"Genworth Financial, Inc.",1.0,NYQ,USD,EQUITY,2008-01-02,1900-01-01,2015-11-17,1.0047830021343824,7,false,""
GOOGL,Alphabet Inc. (Class A),GOOGLE INC.|ALPHABET INC.,Alphabet Inc.,1.0,NMS,USD,EQUITY,2008-01-02,2006-03-31,2014-04-02,1.086074746145826,2,false,""
GPS,Gap,GAP INC,,,,,,,1900-01-01,2022-02-02,,,false,no_info
GR,Goodrich Corporation,GOODRICH CORP,1040989,,YHD,,MUTUALFUND,2008-01-02,1900-01-01,2012-07-30,0.0709430983981036,3,true,"price level 0.07094 outside [0.5, 20]"
GRA,WR Grace,,,,,,NONE,,1900-01-01,2000-12-04,,,false,""
GRN,General Re,,iPath Series B Carbon ETN,0.0,PCX,USD,ETF,,1900-01-01,1998-12-10,,,true,name overlap 0.00; quote type ETF
GT,The Goodyear Tire & Rubber Company,GOODYEAR TIRE & RUBBER CO /OH/,The Goodyear Tire & Rubber Company,1.0,NMS,USD,EQUITY,2008-01-02,1900-01-01,2019-02-26,1.0027612902571117,9,false,""
HAR,Harman International,HARMAN INTERNATIONAL INDUSTRIES INC /DE/,906601,,YHD,,MUTUALFUND,2013-01-17,1900-01-01,2017-03-15,83.84711694784055,3,true,"price level 83.85 outside [0.5, 20]; first price 2013-01-17 is over 24 months after membership start 2008-01-01"
HBI,Hanesbrands,HANESBRANDS INC.,,,,,,,2015-03-23,2021-12-19,,,false,no_info
HCBK,Hudson City Bancorp,HUDSON CITY BANCORP INC,382084,,YHD,,MUTUALFUND,,1900-01-01,2015-11-01,,,false,""
HES,Hess Corporation,HESS CORP,,,,,,,1900-01-01,2025-07-22,,,false,no_info
HFC,HollyFrontier,HOLLY CORP|HOLLYFRONTIER CORP,,,,,,,2018-06-18,2021-06-03,,,false,no_info
HNG,Houston Natural Gas,,,,NMS,,ECNQUOTE,,1900-01-01,1976-06-30,,,true,quote type ECNQUOTE
HNZ,Heinz,HEINZ H J CO,1236644,,YHD,,MUTUALFUND,,1900-01-01,2013-06-05,,,false,""
HOG,Harley-Davidson,"HARLEY DAVIDSON INC|HARLEY-DAVIDSON, INC.","Harley-Davidson, Inc.",1.0,NYQ,USD,EQUITY,2008-01-02,1900-01-01,2020-06-21,1.0074554669629106,11,false,""
HOLX,Hologic,HOLOGIC INC,,,,,NONE,,2016-03-30,2026-04-08,,,false,""
HOT,Starwood Hotels and Resorts,"STARWOOD HOTEL & RESORTS WORLDWIDE INC|STARWOOD HOTEL & RESORTS WORLDWIDE, INC",,,,,,2015-01-02,1900-01-01,2016-09-21,1.0011635077972745,1,false,no_info
HP,Helmerich & Payne,"HELMERICH & PAYNE INC|HELMERICH & PAYNE, INC.","Helmerich & Payne, Inc.",1.0,NYQ,USD,EQUITY,2008-01-02,2010-02-26,2020-05-21,1.0305625307166784,10,false,""
HPH,Harnischfeger Industries,,,,,,NONE,,1900-01-01,1999-06-08,,,false,""
HRB,H&R Block,H&R BLOCK INC,"H&R Block, Inc.",1.0,NYQ,USD,EQUITY,2008-01-02,1900-01-01,2020-09-20,1.0014671651909932,11,false,""
HSP,Hospira,HOSPIRA INC,808105,,YHD,,MUTUALFUND,,1900-01-01,2015-09-01,,,false,""
IGT,International Game Technology,INTERNATIONAL GAME TECHNOLOGY,,,,,NONE,,1900-01-01,2014-06-19,,,false,""
ILMN,"Illumina, Inc.","ILLUMINA INC|ILLUMINA, INC.","Illumina, Inc.",1.0,NMS,USD,EQUITY,2008-01-02,2015-11-19,2024-06-23,1.147487304801857,8,false,""
INFO,IHS Markit,IHS MARKIT LTD.,Harbor PanAgora Dynamic Large Cap Core ETF,0.0,NYQ,USD,ETF,,2017-06-02,2022-03-01,,,true,name overlap 0.00; quote type ETF
IPG,Interpublic Group,"INTERPUBLIC GROUP OF COMPANIES, INC.",,,,,,,1900-01-01,2025-11-27,,,false,no_info
IPGP,IPG Photonics,IPG PHOTONICS CORP,IPG Photonics Corporation,1.0,NMS,USD,EQUITY,2008-01-02,2018-03-07,2022-06-20,1.553812769254835,4,false,""
ITT,ITT,ITT CORP|ITT INC.,ITT Inc.,1.0,NYQ,USD,EQUITY,2008-01-02,1900-01-01,2011-10-30,0.9973218365396067,2,false,""
JBL,Jabil Circuit,JABIL CIRCUIT INC|JABIL INC,Jabil Inc.,1.0,NYQ,USD,EQUITY,2008-01-02,1900-01-01,2014-11-04,1.0576399440474296,4,false,""
JCP,JCPenney,J C PENNEY CO INC,,,,,NONE,,1900-01-01,2013-12-01,,,false,""
JDSU,JDS Uniphase,JDS UNIPHASE CORP /CA/|VIAVI SOLUTIONS INC.,45716466,,YHD,,MUTUALFUND,,2000-07-27,2013-12-22,,,false,""
JEF,Jefferies Financial Group,JEFFERIES FINANCIAL GROUP INC.|LEUCADIA NATIONAL CORP,Jefferies Financial Group Inc.,1.0,NYQ,USD,EQUITY,2008-01-02,1900-01-01,2019-09-25,1.086834034497764,11,false,""
JNPR,Juniper Networks,JUNIPER NETWORKS INC,,,,,NONE,,2006-06-02,2025-07-08,,,false,""
JNS,Janus Capital Group,JANUS CAPITAL GROUP INC,,,,,,,1900-01-01,2011-11-17,,,false,no_info
JNY,Jones Apparel Group,JONES APPAREL GROUP INC|JONES GROUP INC,826889,,YHD,,MUTUALFUND,,1900-01-01,2009-03-02,,,false,""
JOY,Joy Global,JOY GLOBAL INC,,,,,,,2011-02-25,2015-10-06,,,false,no_info
JWN,Nordstrom,NORDSTROM INC,,,,,NONE,,1900-01-01,2020-06-21,,,false,""
K,Kellanova,KELLANOVA|KELLOGG CO,,,,,,,1900-01-01,2025-12-10,,,false,no_info
KBH,KB Home,KB HOME,KB Home,1.0,NYQ,USD,EQUITY,2008-01-02,1900-01-01,2009-12-17,,,false,""
KFT,Kraft Foods,"KRAFT FOODS INC|MONDELEZ INTERNATIONAL, INC.",1472910,,YHD,,MUTUALFUND,,2007-03-30,2012-10-01,,,false,""
KG,King Pharmaceuticals,KING PHARMACEUTICALS INC,Kestrel Group Ltd,0.0,NCM,USD,EQUITY,2008-05-06,1900-01-01,2010-12-16,,,true,name overlap 0.00
KMX,CarMax,CARMAX INC,"CarMax, Inc.",1.0,NYQ,USD,EQUITY,2008-01-02,2010-06-28,2025-10-30,0.9986719136115062,16,false,""
KRFT,Kraft Foods,"KRAFT FOODS GROUP, INC.",,,YHD,,MUTUALFUND,,2012-10-02,2015-07-05,,,false,""
KSE,KeySpan,,753928,,YHD,,MUTUALFUND,,1900-01-01,2007-08-23,,,false,""
KSS,Kohl's,KOHLS CORP|KOHLS CORPORATION,Kohl's Corporation,1.0,NYQ,USD,EQUITY,2008-01-02,1900-01-01,2020-09-20,0.999191131550896,11,false,""
KSU,Kansas City Southern,KANSAS CITY SOUTHERN,,,,,NONE,,2013-05-23,2021-12-13,,,false,""
LDW,Laidlaw,,,,YHD,,MUTUALFUND,,1900-01-01,1999-12-07,,,false,""
LEG,Leggett & Platt,LEGGETT & PLATT INC,Leggett & Platt Inc,1.0,NYQ,USD,EQUITY,,1900-01-01,2021-12-19,,,false,""
LEH,Lehman Brothers,,2873035,,YHD,,MUTUALFUND,,1900-01-01,2008-09-15,,,false,""
LIFE,Life Technologies,LIFE TECHNOLOGIES CORP,Ethos Technologies Inc.,0.5,NMS,USD,EQUITY,,1900-01-01,2014-01-23,,,false,""
LKQ,LKQ Corporation,LKQ CORP,LKQ Corporation,1.0,NMS,USD,EQUITY,2008-01-02,2016-05-23,2025-12-21,1.0045564067631858,10,false,""
LLL,L3 Technologies,L 3 COMMUNICATIONS HOLDINGS INC,,,,,,,1900-01-01,2019-06-30,,,false,no_info
LLTC,Linear Technology,LINEAR TECHNOLOGY CORP /CA/,4104459,,YHD,,MUTUALFUND,,1900-01-01,2017-03-12,,,false,""
LM,Legg Mason,"LEGG MASON INC|LEGG MASON, INC.",,,,,,,1900-01-01,2016-12-01,,,false,no_info
LNC,Lincoln National Corporation,LINCOLN NATIONAL CORP,Lincoln National Corporation,1.0,NYQ,USD,EQUITY,2008-01-02,1900-01-01,2023-09-17,1.012470368002966,15,false,""
LO,Lorillard Tobacco Company,"LORILLARD, INC.",,,YHD,,MUTUALFUND,,2008-06-10,2015-06-10,,,false,""
LSI,LSI Corporation,LSI CORP,,,,,NONE,,1900-01-01,2014-05-07,,,false,""
LUMN,Lumen Technologies,"CENTURYLINK, INC|CENTURYTEL INC|LUMEN TECHNOLOGIES, INC.","Lumen Technologies, Inc.",1.0,NYQ,USD,EQUITY,2008-01-02,1900-01-01,2023-03-19,1.0099362260537397,13,false,""
LVLT,Level 3 Communications,"LEVEL 3 COMMUNICATIONS INC|LEVEL 3 PARENT, LLC",5836511,,YHD,,MUTUALFUND,,2014-11-05,2017-10-12,,,false,""
LW,Lamb Weston,"LAMB WESTON HOLDINGS, INC.","Lamb Weston Holdings, Inc.",1.0,NYQ,USD,EQUITY,2016-11-10,2018-12-03,2026-03-22,1.0016220555526594,7,false,""
LXK,Lexmark,LEXMARK INTERNATIONAL INC /KY/,1732416,,YHD,,MUTUALFUND,,1900-01-01,2012-09-30,,,false,""
M,Macy's,"MACY'S, INC.","Macy's, Inc.",1.0,NYQ,USD,EQUITY,2008-01-02,1900-01-01,2020-04-05,1.0000000196211167,11,false,""
MAC,Macerich,MACERICH CO,The Macerich Company,1.0,NYQ,USD,EQUITY,2008-01-02,2013-05-08,2019-12-22,1.0019903773664893,7,false,""
MAT,Mattel,MATTEL INC /DE/,"Mattel, Inc.",1.0,NMS,USD,EQUITY,2008-01-02,1900-01-01,2019-06-06,1.000038985564239,10,false,""
MBC,MasterBrand,"MASTERBRAND, INC.","MasterBrand, Inc.",1.0,NYQ,USD,EQUITY,2022-12-09,2022-12-15,2022-12-18,,,false,""
MBI,MBIA,MBIA INC,MBIA Inc.,1.0,NYQ,USD,EQUITY,2008-01-02,1900-01-01,2009-12-17,,,false,""
MCK,McKesson,MCKESSON CORP,McKesson Corporation,1.0,NYQ,USD,EQUITY,2008-01-02,1900-01-01,1994-09-29,,,false,""
MDP,Meredith Corp,MEREDITH CORP,,,,,NONE,,1900-01-01,2011-01-02,,,false,""
MEE,Massey Energy,MASSEY ENERGY CO,1742350,,YHD,,MUTUALFUND,,2008-06-23,2011-05-31,,,false,""
MFE,McAfee,"MCAFEE, INC.",2270505,,YHD,,MUTUALFUND,,1900-01-01,2011-02-27,,,false,""
MHK,Mohawk Industries,MOHAWK INDUSTRIES INC,"Mohawk Industries, Inc.",1.0,NYQ,USD,EQUITY,2008-01-02,2013-12-23,2025-12-21,1.2078877774211711,12,false,""
MHS,Medco Health Solutions,MEDCO HEALTH SOLUTIONS INC,Morningstar US Healthcare,0.0,YHD,,MUTUALFUND,,1900-01-01,2012-04-02,,,true,name overlap 0.00
MI,Marshall & Ilsley,MARSHALL & ILSLEY CORP,NFT Limited,0.0,ASE,USD,EQUITY,,1900-01-01,2011-07-04,,,true,name overlap 0.00
MIL,Millipore,,,,,,,,1900-01-01,2010-07-13,,,false,no_info
MJN,Mead Johnson,MEAD JOHNSON NUTRITION CO,2789,,YHD,,MUTUALFUND,,2009-12-18,2017-06-18,,,false,""
MKTX,MarketAxess,MARKETAXESS HOLDINGS INC,MarketAxess Holdings Inc.,1.0,NMS,USD,EQUITY,2008-01-02,2019-07-01,2025-09-21,1.2486488304722088,5,false,""
MMI,Motorola Mobility,"MOTOROLA MOBILITY HOLDINGS, INC","Marcus & Millichap, Inc.",0.0,NYQ,USD,EQUITY,,2011-01-03,2012-05-20,,,true,name overlap 0.00
MNK,Mallinckrodt,KEENOVA THERAPEUTICS PLC|MALLINCKRODT INTERNATIONAL FINANCE SA|MALLINCKRODT PLC,,,,,,,2014-08-18,2017-07-25,,,false,no_info
MOH,Molina Healthcare,"MOLINA HEALTHCARE INC|MOLINA HEALTHCARE, INC.","Molina Healthcare, Inc.",1.0,NYQ,USD,EQUITY,2008-01-02,2022-03-02,2026-03-22,1.0092316615203332,4,false,""
MOLX,Molex,MOLEX INC,655556,,YHD,,MUTUALFUND,2008-01-02,1900-01-01,2013-12-09,0.8769474891097083,3,false,""
MON,Monsanto,MONSANTO CO /NEW/,,,,,NONE,,1900-01-01,2018-06-06,,,false,""
MRO,Marathon Oil,MARATHON OIL CORP,,,,,NONE,,1900-01-01,2024-11-25,,,false,""
MTCH,Match Group,"IAC/INTERACTIVECORP|MATCH GROUP, INC.","Match Group, Inc.",1.0,NMS,USD,EQUITY,2008-01-02,2021-09-20,2026-03-22,1.0008400961928134,4,false,""
MUR,Murphy Oil,MURPHY OIL CORP|MURPHY OIL CORP /DE,Murphy Oil Corporation,1.0,NYQ,USD,EQUITY,2008-01-02,1900-01-01,2017-07-25,1.0000000221071075,9,false,""
MWW,Monster Worldwide,"MONSTER WORLDWIDE INC|MONSTER WORLDWIDE, INC.",,,YHD,,MUTUALFUND,,1900-01-01,2011-12-15,,,false,""
MXIM,Maxim Integrated Products|Maxim Integrated,MAXIM INTEGRATED PRODUCTS INC,,,,,NONE,,1900-01-01,2021-08-29,,,false,""
NAVI,Navient,NAVIENT CORP,Navient Corporation,1.0,NMS,USD,EQUITY,2014-04-17,2014-05-01,2018-06-04,1.002727945207814,4,false,""
NBL,Noble Energy,NOBLE ENERGY INC,,,,,NONE,,1900-01-01,2020-10-11,,,false,""
NBR,Nabors Industries,NABORS INDUSTRIES LTD,Nabors Industries Ltd.,1.0,NYQ,USD,EQUITY,2008-01-02,1900-01-01,2015-03-22,1.1251020643792458,6,false,""
NCR,NCR Corporation,NCR CORP|NCR VOYIX CORP,,,,,NONE,,1900-01-01,2007-09-30,,,false,""
NE,Noble Corporation,NOBLE CORP|NOBLE CORP / SWITZERLAND|NOBLE CORP PLC,Noble Corporation plc,1.0,NYQ,USD,EQUITY,,1900-01-01,2015-07-19,,,false,""
NFX,Newfield Exploration,NEWFIELD EXPLORATION CO /DE/,Corgi NFLX 2x Daily ETF,0.0,BTS,USD,ETF,,2010-12-17,2019-02-14,,,true,name overlap 0.00; quote type ETF
NKTR,Nektar Therapeutics,NEKTAR THERAPEUTICS,Nektar Therapeutics,1.0,NCM,USD,EQUITY,2008-01-02,2018-03-19,2019-10-02,1.0075220774167706,2,false,""
NLSN,Nielsen Holdings,NIELSEN HOLDINGS N.V.|NIELSEN HOLDINGS PLC|NIELSEN N.V.,,,,,NONE,,2013-07-08,2022-10-11,,,false,""
NOV,Nov,NATIONAL OILWELL VARCO INC|NOV INC.,NOV Inc.,1.0,NYQ,USD,EQUITY,2008-01-02,1900-01-01,2021-09-19,,,false,""
NOVL,Novell,NOVELL INC,9463123,,YHD,,MUTUALFUND,,1900-01-01,2011-04-26,,,false,""
NSM,National Semiconductor,NATIONAL SEMICONDUCTOR CORP,Nationstar Mortgage Holdings Inc.,0.0,YHD,,MUTUALFUND,,1900-01-01,2011-09-22,,,true,name overlap 0.00
NVLS,Novellus Systems,NOVELLUS SYSTEMS INC,3735843,,YHD,,MUTUALFUND,,1900-01-01,2012-06-04,,,false,""
NWL,Newell Brands,NEWELL BRANDS INC|NEWELL BRANDS INC.|NEWELL RUBBERMAID INC,Newell Brands Inc.,1.0,NMS,USD,EQUITY,2008-01-02,1900-01-01,2023-09-17,1.0074294200626546,14,false,""
NYT,The New York Times Company,NEW YORK TIMES CO,The New York Times Company,1.0,NYQ,USD,EQUITY,2008-01-02,1900-01-01,2010-12-16,,,false,""
NYX,NYSE Euronext,NYSE EURONEXT,"NYIAX, Inc. Common Stock",0.0,NAS,,EQUITY,,1900-01-01,2013-11-12,,,true,name overlap 0.00; exchange NAS
ODP,Office Depot,ODP CORP|OFFICE DEPOT INC,,,,,,,1900-01-01,2010-12-16,,,false,no_info
OGN,Organon & Co.,ORGANON & CO.,Organon & Co.,1.0,NYQ,USD,EQUITY,2021-05-14,2021-06-03,2023-10-17,1.0001817754922044,3,false,""
OI,Owens-Illinois,"O-I GLASS, INC. /DE/|OWENS ILLINOIS INC /DE/","O-I Glass, Inc.",1.0,NYQ,USD,EQUITY,2008-01-02,1900-01-01,2016-12-01,0.9144235080531715,8,false,""
OMX,OfficeMax,OFFICEMAX INC,1754959,,YHD,,MUTUALFUND,,1900-01-01,2008-06-22,,,false,""
PAYC,Paycom,"PAYCOM SOFTWARE, INC.","Paycom Software, Inc.",1.0,NYQ,USD,EQUITY,2014-04-15,2020-01-28,2026-03-22,1.1689129529429967,6,false,""
PBCT,People's United Financial,"PEOPLE'S UNITED FINANCIAL, INC.",,,,,NONE,,1900-01-01,2022-04-03,,,false,""
PBI,Pitney Bowes,PITNEY BOWES INC /DE/,Pitney Bowes Inc.,1.0,NYQ,USD,EQUITY,2008-01-02,1900-01-01,2017-02-28,1.0003780554283714,8,false,""
PCG,Pacific Gas & Electric Company,PG&E CORP,PG&E Corporation,1.0,NYQ,USD,EQUITY,2008-01-02,1900-01-01,2019-01-17,1.0015566784928367,9,false,""
PCL,Plum Creek Timber,PLUM CREEK TIMBER CO INC,PGIM Corporate Bond 10+ Year ETF,0.0,BTS,USD,ETF,,1900-01-01,2016-02-21,,,true,name overlap 0.00; quote type ETF
PCP,Precision Castparts Corporation,PRECISION CASTPARTS CORP,534994,,YHD,,MUTUALFUND,,1900-01-01,2016-01-31,,,false,""
PCS,MetroPCS,"METROPCS COMMUNICATIONS INC|T-MOBILE US, INC.",PGIM Corporate Bond 0-5 Year ETF,0.0,BTS,USD,ETF,,2009-06-29,2013-04-29,,,true,name overlap 0.00; quote type ETF
PDCO,Patterson Companies,"PATTERSON COMPANIES, INC.",,,,,NONE,,1900-01-01,2018-03-18,,,false,""
PENN,Penn Entertainment,"PENN ENTERTAINMENT, INC.|PENN NATIONAL GAMING INC","PENN Entertainment, Inc.",1.0,NMS,USD,EQUITY,2008-01-02,2021-03-22,2022-09-18,1.0106150696181686,2,false,""
PETM,PetSmart,PETSMART INC,1824860,,YHD,,MUTUALFUND,,2012-10-10,2015-03-11,,,false,""
PGN,Progress Energy,PROGRESS ENERGY INC,1076758,,YHD,,MUTUALFUND,,1900-01-01,2012-07-01,,,false,""
PLL,Pall Corporation,PALL CORP,,,,,,,1900-01-01,2015-08-27,,,false,no_info
POM,Pepco Holdings,PEPCO HOLDINGS INC,Pomdoctor Limited,0.0,NGM,USD,EQUITY,,1900-01-01,2016-03-29,,,true,name overlap 0.00
POOL,Pool Corporation,POOL CORP,Pool Corporation,1.0,NMS,USD,EQUITY,2008-01-02,2020-10-07,2026-06-21,,,false,""
PRGO,Perrigo,PERRIGO CO LTD|PERRIGO CO PLC|PERRIGO CO,Perrigo Company plc,1.0,NYQ,USD,EQUITY,2008-01-02,2011-12-16,2021-09-19,1.000221083606164,9,false,""
PTV,Pactiv,PACTIV CORP,980658,,YHD,,MUTUALFUND,,1900-01-01,2010-11-16,,,false,""
PVH,PVH,PHILLIPS VAN HEUSEN CORP /DE/|PVH CORP. /DE/,PVH Corp.,1.0,NYQ,USD,EQUITY,2008-01-02,2013-02-15,2022-09-18,1.0035851562816234,10,false,""
PXD,Pioneer Natural Resources,PIONEER NATURAL RESOURCES CO,,,,,NONE,,1900-01-01,2024-05-07,,,false,""
Q,Qwest Communications|QuintilesIMS,"QWEST COMMUNICATIONS INTERNATIONAL INC|IQVIA HOLDINGS INC.|QUINTILES IMS HOLDINGS, INC.|QUINTILES TRANSNATIONAL HOLDINGS INC.|QNITY ELECTRONICS, INC.","Qnity Electronics, Inc.",1.0,NYQ,USD,EQUITY,2025-10-27,1900-01-01,2017-11-14,,,false,""
QEP,QEP Resources,"QEP RESOURCES, INC.",,,,,,,2010-06-30,2015-06-30,,,false,no_info
QRVO,Qorvo,"QORVO, INC.|ROCKY HOLDING, INC.","Qorvo, Inc.",1.0,NMS,USD,EQUITY,2015-01-02,2015-06-11,2024-12-22,,,false,""
QTRN,Quintiles Transnational,"IQVIA HOLDINGS INC.|QUINTILES IMS HOLDINGS, INC.|QUINTILES TRANSNATIONAL HOLDINGS INC.",,,YHD,,MUTUALFUND,,1900-01-01,2003-09-24,,,false,""
R,Ryder System,RYDER SYSTEM INC,"Ryder System, Inc.",1.0,NYQ,USD,EQUITY,2008-01-02,1900-01-01,2017-06-18,1.0159185446264134,6,false,""
RAD,Rite Aid,RITE AID CORP,,,,,,,1900-01-01,2000-07-26,,,false,no_info
RAI,Reynolds American,REYNOLDS AMERICAN INC,,,,,,,1900-01-01,2017-07-25,,,false,no_info
RDC,Rowan Companies,ROWAN COMPANIES INC|ROWAN COMPANIES PLC,,,,,NONE,,1900-01-01,2014-08-17,,,false,""
RHI,Robert Half,HALF ROBERT INTERNATIONAL INC /DE/|ROBERT HALF INC.|ROBERT HALF INTERNATIONAL INC.,Robert Half Inc.,1.0,NYQ,USD,EQUITY,2008-01-02,1900-01-01,2024-06-23,1.0316779548540236,14,false,""
RHT,Red Hat,RED HAT INC,,,,,,,1900-01-01,2019-07-14,,,false,no_info
RIG,Transocean,TRANSOCEAN LTD.,Transocean Ltd.,1.0,NYQ,USD,EQUITY,2008-01-02,2013-10-29,2017-07-25,1.0033265636992232,4,false,""
RRC,Range Resources,RANGE RESOURCES CORP,Range Resources Corporation,1.0,NYQ,USD,EQUITY,2008-01-02,2007-12-20,2018-06-17,1.0273496150068637,9,false,""
RRD,RR Donnelley,RR DONNELLEY & SONS CO,,,,,NONE,,1900-01-01,2012-12-10,,,false,""
RSH,RadioShack,RADIOSHACK CORP,1664541,,YHD,,MUTUALFUND,2008-01-02,1900-01-01,2011-06-29,2.139550735067307,1,false,""
RTN,Raytheon Company,RAYTHEON CO/,,,,,NONE,,1900-01-01,2020-04-05,,,false,""
RX,IMS Health,"IMS HEALTH HOLDINGS, INC.",771894,,YHD,,MUTUALFUND,2008-11-26,1900-01-01,2010-02-25,,,false,""
S,Sprint Nextel,SPRINT CORP|SPRINT NEXTEL CORP,"SentinelOne, Inc.",0.0,NYQ,USD,EQUITY,,1900-01-01,2013-07-07,,,true,name overlap 0.00
SAI,SAIC,"LEIDOS HOLDINGS, INC.|SAIC, INC.",,,,,NONE,,2009-12-18,2013-09-19,,,false,""
SBL,Symbol Technologies,,2092407,,YHD,,MUTUALFUND,,2000-12-05,2007-01-09,,,false,""
SBNY,Signature Bank,,Signature Bank,1.0,PNK,USD,EQUITY,,2021-12-20,2023-03-14,,,false,""
SCG,SCANA,SCANA CORP,,,,,,2015-07-16,1900-01-01,2019-01-01,1.0036023059862778,3,false,no_info
SE,Spectra Energy,SPECTRA ENERGY CORP.,Sea Limited,0.0,NYQ,USD,EQUITY,,1900-01-01,2017-02-27,,,true,name overlap 0.00
SEDG,SolarEdge,"SOLAREDGE TECHNOLOGIES INC|SOLAREDGE TECHNOLOGIES, INC.","SolarEdge Technologies, Inc.",1.0,NMS,USD,EQUITY,2015-03-26,2021-12-20,2023-12-17,1.0077403777746339,1,false,""
SEE,Sealed Air,SEALED AIR CORP/DE,,,,,,,1900-01-01,2023-12-17,,,false,no_info
SGP,Schering-Plough,"MERCK & CO. INC.|MERCK & CO., INC.|SCHERING PLOUGH CORP","SpyGlass Pharma, Inc.",0.0,NMS,USD,EQUITY,,1900-01-01,2009-11-02,,,true,name overlap 0.00
SHLD,Sears Holdings,SEARS HOLDINGS CORP,Global X Defense Tech ETF,0.0,PCX,USD,ETF,,1900-01-01,2012-09-04,,,true,name overlap 0.00; quote type ETF
SIAL,Sigma-Aldrich,SIGMA ALDRICH CORP,435206,,YHD,,MUTUALFUND,,1900-01-01,2015-11-18,,,false,""
SIG,Signet Jewelers,SIGNET JEWELERS LTD,Signet Jewelers Limited,1.0,NYQ,USD,EQUITY,2008-01-02,2015-07-29,2018-03-18,1.001137845586019,3,false,""
SII,Smith International,SMITH INTERNATIONAL INC,Sprott Inc.,0.0,NYQ,USD,EQUITY,2010-02-22,1900-01-01,2010-08-25,,,true,name overlap 0.00; first price 2010-02-22 is over 24 months after membership start 2008-01-01
SIVB,SVB Financial Group,SVB FINANCIAL GROUP,,,,,NONE,,2018-03-19,2023-03-14,,,false,""
SLE,Sara Lee Corporation,HILLSHIRE BRANDS CO|SARA LEE CORP,"Super League Enterprise, Inc.",0.0,NCM,USD,EQUITY,,1900-01-01,2012-06-28,,,true,name overlap 0.00
SLG,SL Green Realty,SL GREEN REALTY CORP,SL Green Realty Corp.,1.0,NYQ,USD,EQUITY,2008-01-02,2015-03-23,2021-03-21,1.0771654629279759,6,false,""
SLM,SLM Corporation,SLM CORP,SLM Corporation,1.0,NMS,USD,EQUITY,2008-01-02,1900-01-01,2014-04-30,1.0071997906180665,5,false,""
SLR,Solectron,,5156653,,YHD,,MUTUALFUND,,1900-01-01,2007-10-01,,,false,""
SMS,Shared Medical Systems,,,,YHD,,MUTUALFUND,,1900-01-01,2000-06-06,,,false,""
SNDK,SanDisk,SANDISK CORP|SANDISK CORP,Sandisk Corporation,1.0,NMS,USD,EQUITY,2025-02-13,1900-01-01,2016-05-12,,,false,""
SNI,Scripps Networks Interactive,"SCRIPPS NETWORKS INTERACTIVE, INC.",,,,,,,1900-01-01,2018-03-06,,,false,no_info
SOLS,Solstice Advanced Materials,SOLSTICE ADVANCED MATERIALS INC.,"Solstice Advanced Materials, Inc.",1.0,NMS,USD,EQUITY,2025-10-20,2025-10-30,2025-12-21,,,false,""
SPLS,Staples,STAPLES INC,PIMCO US Stocks PLUS Active Bond Exchange Traded Fund,0.0,BTS,USD,ETF,,1900-01-01,2017-09-17,,,true,name overlap 0.00; quote type ETF
SRCL,Stericycle,STERICYCLE INC,,,,,,,1900-01-01,2018-12-02,,,false,no_info
STI,SunTrust Banks,SUNTRUST BANKS INC,"Solidion Technology, Inc.",0.0,NCM,USD,EQUITY,,1900-01-01,2019-12-08,,,true,name overlap 0.00
STJ,St Jude Medical,ST JUDE MEDICAL INC,,,,,,,1900-01-01,2017-01-04,,,false,no_info
STR,Questar,QUESTAR CORP,,,,,,,1900-01-01,2010-06-29,,,false,no_info
SUN,SunAmerica|Sunoco,SUNOCO INC,Sunoco LP,1.0,NYQ,USD,EQUITY,2012-09-20,1900-01-01,2012-10-09,,,true,first price 2012-09-20 is over 24 months after membership start 2008-01-01
SVU,Supervalu,SUPERVALU INC,,,,,,2008-01-02,1900-01-01,2012-04-22,1.0054107949123328,3,false,no_info
SWN,Southwestern Energy,SOUTHWESTERN ENERGY CO,,,,,NONE,,1900-01-01,2017-04-03,,,false,""
SWY,Safeway,SAFEWAY INC,,,,,,,1900-01-01,2015-01-26,,,false,no_info
T,AT&T Corporation,AT&T INC.,AT&T Inc.,1.0,NYQ,USD,EQUITY,2008-01-02,1900-01-01,2005-11-17,,,false,""
TDC,Teradata,TERADATA CORP /DE/,Teradata Corporation,1.0,NYQ,USD,EQUITY,2008-01-02,2007-10-01,2017-06-18,1.003379038030451,7,false,""
TE,TECO Energy,TECO ENERGY INC,T1 Energy Inc.,0.5,NYQ,USD,EQUITY,,1900-01-01,2016-06-30,,,false,""
TEG,Integrys Energy Group,"INTEGRYS ENERGY GROUP, INC.|INTEGRYS HOLDING, INC.",,,YHD,,MUTUALFUND,,1900-01-01,2015-06-30,,,false,""
TEL,TE Connectivity,TE CONNECTIVITY LTD.|TE CONNECTIVITY PLC|TYCO ELECTRONICS LTD.,TE Connectivity plc,1.0,NYQ,USD,EQUITY,2008-01-02,1900-01-01,2009-06-24,1.0025328385310033,1,false,""
TER,Teradyne,"TERADYNE, INC","Teradyne, Inc.",1.0,NMS,USD,EQUITY,2008-01-02,1900-01-01,2013-12-22,1.1464378215122855,4,false,""
TFX,Teleflex,TELEFLEX INC,Teleflex Incorporated,1.0,NYQ,USD,EQUITY,2008-01-02,2019-01-18,2025-03-23,1.7078655144699995,6,false,""
TGNA,Tegna,GANNETT CO INC /DE/|TEGNA INC,,,,,,,1900-01-01,2017-06-01,,,false,no_info
THC,Tenet Healthcare,TENET HEALTHCARE CORP,Tenet Healthcare Corporation,1.0,NYQ,USD,EQUITY,2008-01-02,1900-01-01,2016-04-17,1.1895397689624314,6,false,""
TIE,Titanium Metals,TITANIUM METALS CORP,215914,,YHD,,MUTUALFUND,,1900-01-01,2012-12-20,,,false,""
TIF,Tiffany & Co,TIFFANY & CO,,,,,NONE,,1900-01-01,2021-01-06,,,false,""
TLAB,Tellabs,TELLABS INC,4999976,,YHD,,MUTUALFUND,2008-01-02,1900-01-01,2011-12-19,1.0965263059842059,2,false,""
TMC,Times Mirror,,TMC the metals company Inc.,0.0,NMS,USD,EQUITY,,1900-01-01,2000-06-11,,,true,name overlap 0.00
TRB,Tribune Media,TRIBUNE MEDIA CO,1340414,,YHD,,MUTUALFUND,,1900-01-01,2007-12-19,,,false,""
TRIP,TripAdvisor,"TRIPADVISOR, INC.","Tripadvisor, Inc.",1.0,NMS,USD,EQUITY,2011-12-07,2011-12-20,2019-12-22,,,false,""
TSG,Sabre Corporation,SABRE CORP,,,,,NONE,,1900-01-01,2007-03-29,,,false,""
TSS,TSYS,TOTAL SYSTEM SERVICES INC,,,,,NONE,,1900-01-01,2019-09-22,,,false,""
TWC,Time Warner Cable,TIME WARNER CABLE INC.,,,,,,,1900-01-01,2016-05-17,,,false,no_info
TWTR,Twitter,"TWITTER, INC.",,,,,NONE,,2018-06-07,2022-10-31,,,false,""
TWX,Time Warner,TIME WARNER INC.,17007297,,YHD,,MUTUALFUND,2008-01-02,1900-01-01,2018-06-19,0.9990922427928076,9,false,""
TYC,Tyco International,JOHNSON CONTROLS INTERNATIONAL PLC|TYCO INTERNATIONAL LTD|TYCO INTERNATIONAL LTD /BER/|TYCO INTERNATIONAL PLC,,,,,,,2010-08-26,2016-09-05,,,false,no_info
UA,Under Armour (Class C),"UNDER ARMOUR, INC.","Under Armour, Inc.",1.0,NYQ,USD,EQUITY,2016-03-23,2016-04-08,2022-06-20,,,false,""
UAA,Under Armour (Class A),"UNDER ARMOUR, INC.","Under Armour, Inc.",1.0,NYQ,USD,EQUITY,2008-01-02,2014-05-01,2022-06-20,,,false,""
UNM,Unum,UNUM GROUP,Unum Group,1.0,NYQ,USD,EQUITY,2008-01-02,1900-01-01,2021-09-19,0.9987542303863676,13,false,""
URBN,Urban Outfitters,URBAN OUTFITTERS INC,"Urban Outfitters, Inc.",1.0,NMS,USD,EQUITY,2008-01-02,1900-01-01,2017-03-19,1.3117168134303063,7,false,""
USL,USLife,,"United States 12 Month Oil Fund, LP",0.0,PCX,USD,ETF,,1900-01-01,1997-06-16,,,true,name overlap 0.00; quote type ETF
VAR,Varian Medical Systems,VARIAN MEDICAL SYSTEMS INC,,,,,NONE,,1900-01-01,2021-04-19,,,false,""
VFC,VF Corporation,V F CORP,V.F. Corporation,1.0,NYQ,USD,EQUITY,2008-01-02,1900-01-01,2024-04-02,,,false,""
VIAB,Viacom,VIACOM INC.,,,,,NONE,,1900-01-01,2019-12-04,,,false,""
VNO,Vornado Realty Trust,VORNADO REALTY TRUST,Vornado Realty Trust,1.0,NYQ,USD,EQUITY,2008-01-02,1900-01-01,2023-01-04,1.0932353062322555,14,false,""
VNT,Vontier,VONTIER CORP,Vontier Corporation,1.0,NYQ,USD,EQUITY,2020-09-24,2020-10-09,2021-03-21,0.9959854455373764,1,false,""
WB,Wachovia Bank,,Weibo Corporation,0.0,NMS,USD,EQUITY,,1900-01-01,2008-12-30,,,true,name overlap 0.00
WBA,Walgreens Boots Alliance,"WALGREENS BOOTS ALLIANCE, INC.|WALGREEN CO",,,,,,,1900-01-01,2025-08-27,,,false,no_info
WCG,WellCare,"WELLCARE HEALTH PLANS, INC.",,,,,NONE,,2018-09-14,2020-01-27,,,false,""
WFM,Whole Foods Market,WHOLE FOODS MARKET INC,,,,,,,1900-01-01,2017-08-28,,,false,no_info
WFR,MEMC Electronic Materials,"MEMC ELECTRONIC MATERIALS INC|SUNEDISON, INC.",1750769,,YHD,,MUTUALFUND,,1900-01-01,2011-12-15,,,false,""
WHR,Whirlpool Corporation,WHIRLPOOL CORP /DE/,Whirlpool Corporation,1.0,NYQ,USD,EQUITY,2008-01-02,1900-01-01,2024-03-17,1.0267540127518004,14,false,""
WIN,Windstream Communications,"WINDSTREAM CORP|WINDSTREAM HOLDINGS, INC.",,,,,NONE,,1900-01-01,2015-04-06,,,false,""
WLTW,Willis Towers Watson,WILLIS GROUP HOLDINGS PLC|WILLIS TOWERS WATSON PLC,,,,,NONE,,2016-01-05,2022-01-09,,,false,""
WPX,WPX Energy,"WPX ENERGY, INC.",,,,,NONE,,2011-12-31,2014-03-20,,,false,""
WU,Western Union,WESTERN UNION CO,The Western Union Company,1.0,NYQ,USD,EQUITY,2008-01-02,1900-01-01,2021-12-19,1.0076707055595158,12,false,""
WYN,Wyndham Worldwide,"TRAVEL & LEISURE CO.|WYNDHAM DESTINATIONS, INC.|WYNDHAM WORLDWIDE CORP",,,YHD,,MUTUALFUND,,1900-01-01,2018-05-30,,,false,""
X,United States Steel,UNITED STATES STEEL CORP,,,,,NONE,,1900-01-01,2014-07-01,,,false,""
XEC,Cimarex Energy,CIMAREX ENERGY CO,,,,,,,2014-06-20,2020-03-01,,,false,no_info
XL,XL Group,XL GROUP LTD|XL GROUP PLC,,,,,,,1900-01-01,2018-09-13,,,false,no_info
XLNX,Xilinx,XILINX INC,,,,,NONE,,1900-01-01,2022-02-14,,,false,""
XRAY,Dentsply Sirona,DENTSPLY INTERNATIONAL INC /DE/|DENTSPLY SIRONA INC.,DENTSPLY SIRONA Inc.,1.0,NMS,USD,EQUITY,2008-01-02,1900-01-01,2024-04-02,1.0004377033250222,15,false,""
XRX,Xerox,XEROX HOLDINGS CORP|XEROX CORP,Xerox Holdings Corporation,1.0,NMS,USD,EQUITY,2008-01-02,1900-01-01,2021-03-21,1.000000014714549,11,false,""
XTO,XTO Energy,XTO ENERGY INC,3315965,,YHD,,MUTUALFUND,,1900-01-01,2010-06-27,,,false,""
YHOO,Yahoo!,YAHOO INC,,,,,,,1999-12-08,2017-06-18,,,false,no_info
ZION,Zions Bancorporation,"ZIONS BANCORPORATION /UT/|ZIONS BANCORPORATION, NATIONAL ASSOCIATION /UT/","Zions Bancorporation, National Association",1.0,NMS,USD,EQUITY,2008-01-02,1900-01-01,2024-03-17,1.0190814626876665,13,false,""
